==================================================
UCC CPU reduce microbenchmark baseline (task 558)
Job: 64225  Node: dgx-gaia-17
Start: Wed Aug 26 04:49:34 PM UTC 2026
==================================================
=== machine spec ===
Wed Aug 26 04:49:34 PM UTC 2026
SLURM_JOBID=64225
SLURM_JOB_NODELIST=dgx-gaia-17
dgx-gaia-17
--- lscpu ---
CPU(s):                                  224
Model name:                              Intel(R) Xeon(R) Platinum 8480C
Thread(s) per core:                      2
Core(s) per socket:                      56
Socket(s):                               2
NUMA node(s):                            2
NUMA node0 CPU(s):                       0-55,112-167
NUMA node1 CPU(s):                       56-111,168-223
--- free -g ---
               total        used        free      shared  buff/cache   available
Mem:            2015          18        1742          21         254        1965
Swap:              0           0           0
--- gpu ---
NVIDIA H100 80GB HBM3, 81559 MiB, 580.95.05
NVIDIA H100 80GB HBM3, 81559 MiB, 580.95.05
NVIDIA H100 80GB HBM3, 81559 MiB, 580.95.05
NVIDIA H100 80GB HBM3, 81559 MiB, 580.95.05
NVIDIA H100 80GB HBM3, 81559 MiB, 580.95.05
NVIDIA H100 80GB HBM3, 81559 MiB, 580.95.05
NVIDIA H100 80GB HBM3, 81559 MiB, 580.95.05
NVIDIA H100 80GB HBM3, 81559 MiB, 580.95.05
--- software ---
UCC source: /labhome/faderholdt/ucc-baseline-558
gcc: gcc (Ubuntu 11.4.0-1ubuntu1~22.04) 11.4.0
MPI launcher: /usr/local/bin/mpiexec /usr/bin/mpiexec /bin/mpiexec 
UCX: # Library version: 1.19.0
built: /labhome/faderholdt/ucc-baseline-558/tools/perf/ucc_perftest
Collective:             Reduce DT
Memory type:            host
Datatype:               float32
Reduction:              sum
Inplace:                N/A
Warmup:                 
  small                 100
  large                 20
Iterations:             
  small                 1000
  large                 200
Iteration mode:         isolated

       Count        Size                Time, us                       Bus Bandwidth, GB/s
                                 avg         min         max         avg         max         min
        1024        4096        0.20        0.20        0.20       60.53       60.53       60.53
        2048        8192        0.36        0.36        0.36       68.08       68.08       68.08
        4096       16384        0.78        0.78        0.78       63.18       63.18       63.18
        8192       32768        2.32        2.32        2.32       42.41       42.41       42.41
       16384       65536        4.96        4.96        4.96       39.62       39.62       39.62
       32768      131072        8.23        8.23        8.23       47.75       47.75       47.75
       65536      262144       10.27       10.27       10.27       76.58       76.58       76.58
      131072      524288       20.39       20.39       20.39       77.12       77.12       77.12
      262144     1048576       42.23       42.23       42.23       74.48       74.48       74.48
      524288     2097152      128.69      128.69      128.69       48.89       48.89       48.89
     1048576     4194304      312.12      312.12      312.12       40.31       40.31       40.31
     2097152     8388608      496.01      496.01      496.01       50.74       50.74       50.74
     4194304    16777216      922.25      922.25      922.25       54.57       54.57       54.57
     8388608    33554432     1835.51     1835.51     1835.51       54.84       54.84       54.84
    16777216    67108864     3242.16     3242.16     3242.16       62.10       62.10       62.10
    33554432   134217728    10200.45    10200.45    10200.45       39.47       39.47       39.47
    67108864   268435456    26168.44    26168.44    26168.44       30.77       30.77       30.77
Total time: 43.3954 ms
Collective:             Reduce DT
Memory type:            host
Datatype:               float32
Reduction:              sum
Inplace:                N/A
Warmup:                 
  small                 100
  large                 20
Iterations:             
  small                 1000
  large                 200
Iteration mode:         isolated

       Count        Size                Time, us                       Bus Bandwidth, GB/s
                                 avg         min         max         avg         max         min
        1024        4096        0.51        0.51        0.51       73.00       73.00       73.00
        2048        8192        0.95        0.95        0.95       77.36       77.36       77.36
        4096       16384        3.54        3.54        3.54       41.63       41.63       41.63
        8192       32768        6.37        6.37        6.37       46.32       46.32       46.32
       16384       65536        9.64        9.64        9.64       61.20       61.20       61.20
       32768      131072       11.19       11.19       11.19      105.44      105.44      105.44
       65536      262144       20.12       20.12       20.12      117.26      117.26      117.26
      131072      524288       40.19       40.19       40.19      117.42      117.42      117.42
      262144     1048576       82.56       82.56       82.56      114.30      114.30      114.30
      524288     2097152      169.46      169.46      169.46      111.38      111.38      111.38
     1048576     4194304      340.44      340.44      340.44      110.88      110.88      110.88
     2097152     8388608      677.01      677.01      677.01      111.52      111.52      111.52
     4194304    16777216     1350.24     1350.24     1350.24      111.83      111.83      111.83
     8388608    33554432     2645.66     2645.66     2645.66      114.15      114.15      114.15
    16777216    67108864     5378.48     5378.48     5378.48      112.30      112.30      112.30
    33554432   134217728    11772.00    11772.00    11772.00      102.61      102.61      102.61
    67108864   268435456    26974.83    26974.83    26974.83       89.56       89.56       89.56
Total time: 49.4832 ms
Collective:             Reduce DT
Memory type:            host
Datatype:               float32
Reduction:              prod
Inplace:                N/A
Warmup:                 
  small                 100
  large                 20
Iterations:             
  small                 1000
  large                 200
Iteration mode:         isolated

       Count        Size                Time, us                       Bus Bandwidth, GB/s
                                 avg         min         max         avg         max         min
        1024        4096        0.21        0.21        0.21       59.08       59.08       59.08
        2048        8192        0.38        0.38        0.38       64.17       64.17       64.17
        4096       16384        1.10        1.10        1.10       44.56       44.56       44.56
        8192       32768        2.39        2.39        2.39       41.17       41.17       41.17
       16384       65536        4.72        4.72        4.72       41.68       41.68       41.68
       32768      131072        8.34        8.34        8.34       47.14       47.14       47.14
       65536      262144       14.31       14.31       14.31       54.94       54.94       54.94
      131072      524288       31.12       31.12       31.12       50.53       50.53       50.53
      262144     1048576       65.98       65.98       65.98       47.67       47.67       47.67
      524288     2097152      136.11      136.11      136.11       46.22       46.22       46.22
     1048576     4194304      294.57      294.57      294.57       42.72       42.72       42.72
     2097152     8388608      537.56      537.56      537.56       46.81       46.81       46.81
     4194304    16777216      780.43      780.43      780.43       64.49       64.49       64.49
     8388608    33554432     1110.61     1110.61     1110.61       90.64       90.64       90.64
    16777216    67108864     2449.70     2449.70     2449.70       82.18       82.18       82.18
    33554432   134217728    10083.08    10083.08    10083.08       39.93       39.93       39.93
    67108864   268435456    26127.69    26127.69    26127.69       30.82       30.82       30.82
Total time: 41.6483 ms
Collective:             Reduce DT
Memory type:            host
Datatype:               float32
Reduction:              prod
Inplace:                N/A
Warmup:                 
  small                 100
  large                 20
Iterations:             
  small                 1000
  large                 200
Iteration mode:         isolated

       Count        Size                Time, us                       Bus Bandwidth, GB/s
                                 avg         min         max         avg         max         min
        1024        4096        0.52        0.52        0.52       71.17       71.17       71.17
        2048        8192        1.42        1.42        1.42       51.85       51.85       51.85
        4096       16384        2.50        2.50        2.50       58.89       58.89       58.89
        8192       32768        6.10        6.10        6.10       48.35       48.35       48.35
       16384       65536        9.38        9.38        9.38       62.87       62.87       62.87
       32768      131072       18.87       18.87       18.87       62.51       62.51       62.51
       65536      262144       37.00       37.00       37.00       63.76       63.76       63.76
      131072      524288       73.48       73.48       73.48       64.21       64.21       64.21
      262144     1048576      148.80      148.80      148.80       63.42       63.42       63.42
      524288     2097152      301.49      301.49      301.49       62.60       62.60       62.60
     1048576     4194304      610.66      610.66      610.66       61.82       61.82       61.82
     2097152     8388608     1121.22     1121.22     1121.22       67.33       67.33       67.33
     4194304    16777216     1272.54     1272.54     1272.54      118.66      118.66      118.66
     8388608    33554432     2560.36     2560.36     2560.36      117.95      117.95      117.95
    16777216    67108864     5228.73     5228.73     5228.73      115.51      115.51      115.51
    33554432   134217728    11677.92    11677.92    11677.92      103.44      103.44      103.44
    67108864   268435456    26983.12    26983.12    26983.12       89.53       89.53       89.53
Total time: 50.0541 ms
Collective:             Reduce DT
Memory type:            host
Datatype:               float32
Reduction:              min
Inplace:                N/A
Warmup:                 
  small                 100
  large                 20
Iterations:             
  small                 1000
  large                 200
Iteration mode:         isolated

       Count        Size                Time, us                       Bus Bandwidth, GB/s
                                 avg         min         max         avg         max         min
        1024        4096        0.20        0.20        0.20       60.24       60.24       60.24
        2048        8192        0.38        0.38        0.38       65.54       65.54       65.54
        4096       16384        0.85        0.85        0.85       57.83       57.83       57.83
        8192       32768        2.32        2.32        2.32       42.30       42.30       42.30
       16384       65536        4.71        4.71        4.71       41.77       41.77       41.77
       32768      131072        7.94        7.94        7.94       49.53       49.53       49.53
       65536      262144       11.41       11.41       11.41       68.92       68.92       68.92
      131072      524288       21.19       21.19       21.19       74.23       74.23       74.23
      262144     1048576       44.37       44.37       44.37       70.91       70.91       70.91
      524288     2097152      132.76      132.76      132.76       47.39       47.39       47.39
     1048576     4194304      300.00      300.00      300.00       41.94       41.94       41.94
     2097152     8388608      486.52      486.52      486.52       51.73       51.73       51.73
     4194304    16777216      954.22      954.22      954.22       52.75       52.75       52.75
     8388608    33554432     1922.05     1922.05     1922.05       52.37       52.37       52.37
    16777216    67108864     3619.59     3619.59     3619.59       55.62       55.62       55.62
    33554432   134217728    10083.75    10083.75    10083.75       39.93       39.93       39.93
    67108864   268435456    25779.47    25779.47    25779.47       31.24       31.24       31.24
Total time: 43.3717 ms
Collective:             Reduce DT
Memory type:            host
Datatype:               float32
Reduction:              min
Inplace:                N/A
Warmup:                 
  small                 100
  large                 20
Iterations:             
  small                 1000
  large                 200
Iteration mode:         isolated

       Count        Size                Time, us                       Bus Bandwidth, GB/s
                                 avg         min         max         avg         max         min
        1024        4096        0.27        0.27        0.27      136.03      136.03      136.03
        2048        8192        0.83        0.83        0.83       89.04       89.04       89.04
        4096       16384        1.86        1.86        1.86       79.19       79.19       79.19
        8192       32768        3.20        3.20        3.20       92.04       92.04       92.04
       16384       65536        4.87        4.87        4.87      121.24      121.24      121.24
       32768      131072        9.84        9.84        9.84      119.86      119.86      119.86
       65536      262144       19.29       19.29       19.29      122.31      122.31      122.31
      131072      524288       40.38       40.38       40.38      116.87      116.87      116.87
      262144     1048576       77.93       77.93       77.93      121.10      121.10      121.10
      524288     2097152      163.29      163.29      163.29      115.58      115.58      115.58
     1048576     4194304      329.23      329.23      329.23      114.66      114.66      114.66
     2097152     8388608      656.92      656.92      656.92      114.93      114.93      114.93
     4194304    16777216     1326.90     1326.90     1326.90      113.79      113.79      113.79
     8388608    33554432     2756.70     2756.70     2756.70      109.55      109.55      109.55
    16777216    67108864     5165.63     5165.63     5165.63      116.92      116.92      116.92
    33554432   134217728    11639.98    11639.98    11639.98      103.78      103.78      103.78
    67108864   268435456    27110.63    27110.63    27110.63       89.11       89.11       89.11
Total time: 49.3078 ms
Collective:             Reduce DT
Memory type:            host
Datatype:               float32
Reduction:              max
Inplace:                N/A
Warmup:                 
  small                 100
  large                 20
Iterations:             
  small                 1000
  large                 200
Iteration mode:         isolated

       Count        Size                Time, us                       Bus Bandwidth, GB/s
                                 avg         min         max         avg         max         min
        1024        4096        0.21        0.21        0.21       59.65       59.65       59.65
        2048        8192        0.38        0.38        0.38       65.19       65.19       65.19
        4096       16384        0.79        0.79        0.79       61.98       61.98       61.98
        8192       32768        2.62        2.62        2.62       37.58       37.58       37.58
       16384       65536        4.72        4.72        4.72       41.65       41.65       41.65
       32768      131072        8.07        8.07        8.07       48.70       48.70       48.70
       65536      262144       10.36       10.36       10.36       75.95       75.95       75.95
      131072      524288       22.34       22.34       22.34       70.41       70.41       70.41
      262144     1048576       41.02       41.02       41.02       76.69       76.69       76.69
      524288     2097152      124.19      124.19      124.19       50.66       50.66       50.66
     1048576     4194304      292.81      292.81      292.81       42.97       42.97       42.97
     2097152     8388608      487.60      487.60      487.60       51.61       51.61       51.61
     4194304    16777216      965.13      965.13      965.13       52.15       52.15       52.15
     8388608    33554432     1505.19     1505.19     1505.19       66.88       66.88       66.88
    16777216    67108864     2434.31     2434.31     2434.31       82.70       82.70       82.70
    33554432   134217728    10144.34    10144.34    10144.34       39.69       39.69       39.69
    67108864   268435456    26295.40    26295.40    26295.40       30.63       30.63       30.63
Total time: 42.3395 ms
Collective:             Reduce DT
Memory type:            host
Datatype:               float32
Reduction:              max
Inplace:                N/A
Warmup:                 
  small                 100
  large                 20
Iterations:             
  small                 1000
  large                 200
Iteration mode:         isolated

       Count        Size                Time, us                       Bus Bandwidth, GB/s
                                 avg         min         max         avg         max         min
        1024        4096        0.50        0.50        0.50       73.88       73.88       73.88
        2048        8192        1.72        1.72        1.72       42.79       42.79       42.79
        4096       16384        3.17        3.17        3.17       46.52       46.52       46.52
        8192       32768        6.95        6.95        6.95       42.46       42.46       42.46
       16384       65536        9.74        9.74        9.74       60.54       60.54       60.54
       32768      131072       18.85       18.85       18.85       62.57       62.57       62.57
       65536      262144       36.77       36.77       36.77       64.15       64.15       64.15
      131072      524288       73.79       73.79       73.79       63.95       63.95       63.95
      262144     1048576      149.48      149.48      149.48       63.13       63.13       63.13
      524288     2097152      318.44      318.44      318.44       59.27       59.27       59.27
     1048576     4194304      629.01      629.01      629.01       60.01       60.01       60.01
     2097152     8388608     1279.87     1279.87     1279.87       58.99       58.99       58.99
     4194304    16777216     2536.02     2536.02     2536.02       59.54       59.54       59.54
     8388608    33554432     2557.85     2557.85     2557.85      118.06      118.06      118.06
    16777216    67108864     5205.43     5205.43     5205.43      116.03      116.03      116.03
    33554432   134217728    11652.16    11652.16    11652.16      103.67      103.67      103.67
    67108864   268435456    27092.76    27092.76    27092.76       89.17       89.17       89.17
Total time: 51.5725 ms
Collective:             Reduce DT
Memory type:            host
Datatype:               float64
Reduction:              sum
Inplace:                N/A
Warmup:                 
  small                 100
  large                 20
Iterations:             
  small                 1000
  large                 200
Iteration mode:         isolated

       Count        Size                Time, us                       Bus Bandwidth, GB/s
                                 avg         min         max         avg         max         min
        1024        8192        0.19        0.19        0.19      130.72      130.72      130.72
        2048       16384        0.42        0.42        0.42      117.03      117.03      117.03
        4096       32768        1.18        1.18        1.18       83.31       83.31       83.31
        8192       65536        2.46        2.46        2.46       79.82       79.82       79.82
       16384      131072        4.13        4.13        4.13       95.30       95.30       95.30
       32768      262144        5.59        5.59        5.59      140.69      140.69      140.69
       65536      524288       10.80       10.80       10.80      145.64      145.64      145.64
      131072     1048576       23.01       23.01       23.01      136.71      136.71      136.71
      262144     2097152       55.54       55.54       55.54      113.28      113.28      113.28
      524288     4194304      140.30      140.30      140.30       89.69       89.69       89.69
     1048576     8388608      282.31      282.31      282.31       89.14       89.14       89.14
     2097152    16777216      562.87      562.87      562.87       89.42       89.42       89.42
     4194304    33554432     1137.43     1137.43     1137.43       88.50       88.50       88.50
     8388608    67108864     2628.22     2628.22     2628.22       76.60       76.60       76.60
    16777216   134217728    10122.50    10122.50    10122.50       39.78       39.78       39.78
    33554432   268435456    26175.56    26175.56    26175.56       30.77       30.77       30.77
    67108864   536870912    57310.50    57310.50    57310.50       28.10       28.10       28.10
Total time: 98.463 ms
Collective:             Reduce DT
Memory type:            host
Datatype:               float64
Reduction:              sum
Inplace:                N/A
Warmup:                 
  small                 100
  large                 20
Iterations:             
  small                 1000
  large                 200
Iteration mode:         isolated

       Count        Size                Time, us                       Bus Bandwidth, GB/s
                                 avg         min         max         avg         max         min
        1024        8192        1.69        1.69        1.69       43.63       43.63       43.63
        2048       16384        1.86        1.86        1.86       79.45       79.45       79.45
        4096       32768        6.76        6.76        6.76       43.60       43.60       43.60
        8192       65536        9.66        9.66        9.66       61.08       61.08       61.08
       16384      131072       19.17       19.17       19.17       61.54       61.54       61.54
       32768      262144       21.50       21.50       21.50      109.73      109.73      109.73
       65536      524288       40.02       40.02       40.02      117.91      117.91      117.91
      131072     1048576       80.27       80.27       80.27      117.57      117.57      117.57
      262144     2097152      163.37      163.37      163.37      115.53      115.53      115.53
      524288     4194304      327.18      327.18      327.18      115.38      115.38      115.38
     1048576     8388608      653.57      653.57      653.57      115.52      115.52      115.52
     2097152    16777216     1312.73     1312.73     1312.73      115.02      115.02      115.02
     4194304    33554432     2668.29     2668.29     2668.29      113.18      113.18      113.18
     8388608    67108864     5378.83     5378.83     5378.83      112.29      112.29      112.29
    16777216   134217728    11735.11    11735.11    11735.11      102.94      102.94      102.94
    33554432   268435456    27825.60    27825.60    27825.60       86.82       86.82       86.82
    67108864   536870912    57311.59    57311.59    57311.59       84.31       84.31       84.31
Total time: 107.557 ms
Collective:             Reduce DT
Memory type:            host
Datatype:               float64
Reduction:              prod
Inplace:                N/A
Warmup:                 
  small                 100
  large                 20
Iterations:             
  small                 1000
  large                 200
Iteration mode:         isolated

       Count        Size                Time, us                       Bus Bandwidth, GB/s
                                 avg         min         max         avg         max         min
        1024        8192        0.38        0.38        0.38       65.36       65.36       65.36
        2048       16384        0.86        0.86        0.86       57.15       57.15       57.15
        4096       32768        1.41        1.41        1.41       69.97       69.97       69.97
        8192       65536        4.27        4.27        4.27       46.08       46.08       46.08
       16384      131072        5.75        5.75        5.75       68.44       68.44       68.44
       32768      262144        5.28        5.28        5.28      148.97      148.97      148.97
       65536      524288       10.59       10.59       10.59      148.59      148.59      148.59
      131072     1048576       20.77       20.77       20.77      151.49      151.49      151.49
      262144     2097152       89.99       89.99       89.99       69.91       69.91       69.91
      524288     4194304      241.19      241.19      241.19       52.17       52.17       52.17
     1048576     8388608      358.00      358.00      358.00       70.30       70.30       70.30
     2097152    16777216      564.07      564.07      564.07       89.23       89.23       89.23
     4194304    33554432     1132.17     1132.17     1132.17       88.91       88.91       88.91
     8388608    67108864     2497.18     2497.18     2497.18       80.62       80.62       80.62
    16777216   134217728    10062.65    10062.65    10062.65       40.01       40.01       40.01
    33554432   268435456    26073.62    26073.62    26073.62       30.89       30.89       30.89
    67108864   536870912    56961.07    56961.07    56961.07       28.28       28.28       28.28
Total time: 98.0292 ms
Collective:             Reduce DT
Memory type:            host
Datatype:               float64
Reduction:              prod
Inplace:                N/A
Warmup:                 
  small                 100
  large                 20
Iterations:             
  small                 1000
  large                 200
Iteration mode:         isolated

       Count        Size                Time, us                       Bus Bandwidth, GB/s
                                 avg         min         max         avg         max         min
        1024        8192        1.69        1.69        1.69       43.52       43.52       43.52
        2048       16384        2.10        2.10        2.10       70.25       70.25       70.25
        4096       32768        7.33        7.33        7.33       40.25       40.25       40.25
        8192       65536        9.62        9.62        9.62       61.29       61.29       61.29
       16384      131072       18.68       18.68       18.68       63.16       63.16       63.16
       32768      262144       36.79       36.79       36.79       64.13       64.13       64.13
       65536      524288       73.19       73.19       73.19       64.47       64.47       64.47
      131072     1048576      149.18      149.18      149.18       63.26       63.26       63.26
      262144     2097152      300.95      300.95      300.95       62.72       62.72       62.72
      524288     4194304      610.24      610.24      610.24       61.86       61.86       61.86
     1048576     8388608     1214.93     1214.93     1214.93       62.14       62.14       62.14
     2097152    16777216     2458.32     2458.32     2458.32       61.42       61.42       61.42
     4194304    33554432     2762.69     2762.69     2762.69      109.31      109.31      109.31
     8388608    67108864     5226.82     5226.82     5226.82      115.55      115.55      115.55
    16777216   134217728    11654.93    11654.93    11654.93      103.64      103.64      103.64
    33554432   268435456    27031.49    27031.49    27031.49       89.37       89.37       89.37
    67108864   536870912    57352.32    57352.32    57352.32       84.25       84.25       84.25
Total time: 108.911 ms
Collective:             Reduce DT
Memory type:            host
Datatype:               float64
Reduction:              min
Inplace:                N/A
Warmup:                 
  small                 100
  large                 20
Iterations:             
  small                 1000
  large                 200
Iteration mode:         isolated

       Count        Size                Time, us                       Bus Bandwidth, GB/s
                                 avg         min         max         avg         max         min
        1024        8192        0.38        0.38        0.38       65.36       65.36       65.36
        2048       16384        0.81        0.81        0.81       60.83       60.83       60.83
        4096       32768        1.80        1.80        1.80       54.64       54.64       54.64
        8192       65536        4.28        4.28        4.28       45.96       45.96       45.96
       16384      131072        7.45        7.45        7.45       52.82       52.82       52.82
       32768      262144       10.18       10.18       10.18       77.25       77.25       77.25
       65536      524288       19.81       19.81       19.81       79.40       79.40       79.40
      131072     1048576       41.16       41.16       41.16       76.44       76.44       76.44
      262144     2097152      124.22      124.22      124.22       50.65       50.65       50.65
      524288     4194304      307.95      307.95      307.95       40.86       40.86       40.86
     1048576     8388608      501.31      501.31      501.31       50.20       50.20       50.20
     2097152    16777216      960.84      960.84      960.84       52.38       52.38       52.38
     4194304    33554432     1983.73     1983.73     1983.73       50.74       50.74       50.74
     8388608    67108864     3009.02     3009.02     3009.02       66.91       66.91       66.91
    16777216   134217728     9944.75     9944.75     9944.75       40.49       40.49       40.49
    33554432   268435456    25865.45    25865.45    25865.45       31.13       31.13       31.13
    67108864   536870912    56531.72    56531.72    56531.72       28.49       28.49       28.49
Total time: 99.3149 ms
Collective:             Reduce DT
Memory type:            host
Datatype:               float64
Reduction:              min
Inplace:                N/A
Warmup:                 
  small                 100
  large                 20
Iterations:             
  small                 1000
  large                 200
Iteration mode:         isolated

       Count        Size                Time, us                       Bus Bandwidth, GB/s
                                 avg         min         max         avg         max         min
        1024        8192        1.74        1.74        1.74       42.49       42.49       42.49
        2048       16384        2.22        2.22        2.22       66.54       66.54       66.54
        4096       32768        7.16        7.16        7.16       41.18       41.18       41.18
        8192       65536        9.46        9.46        9.46       62.38       62.38       62.38
       16384      131072       18.61       18.61       18.61       63.37       63.37       63.37
       32768      262144       36.73       36.73       36.73       64.24       64.24       64.24
       65536      524288       73.78       73.78       73.78       63.95       63.95       63.95
      131072     1048576      154.09      154.09      154.09       61.24       61.24       61.24
      262144     2097152      315.13      315.13      315.13       59.89       59.89       59.89
      524288     4194304      628.80      628.80      628.80       60.03       60.03       60.03
     1048576     8388608     1250.36     1250.36     1250.36       60.38       60.38       60.38
     2097152    16777216     1569.66     1569.66     1569.66       96.20       96.20       96.20
     4194304    33554432     2733.16     2733.16     2733.16      110.49      110.49      110.49
     8388608    67108864     5237.23     5237.23     5237.23      115.32      115.32      115.32
    16777216   134217728    11571.83    11571.83    11571.83      104.39      104.39      104.39
    33554432   268435456    26870.26    26870.26    26870.26       89.91       89.91       89.91
    67108864   536870912    56953.93    56953.93    56953.93       84.84       84.84       84.84
Total time: 107.434 ms
Collective:             Reduce DT
Memory type:            host
Datatype:               float64
Reduction:              max
Inplace:                N/A
Warmup:                 
  small                 100
  large                 20
Iterations:             
  small                 1000
  large                 200
Iteration mode:         isolated

       Count        Size                Time, us                       Bus Bandwidth, GB/s
                                 avg         min         max         avg         max         min
        1024        8192        0.38        0.38        0.38       65.54       65.54       65.54
        2048       16384        0.81        0.81        0.81       60.76       60.76       60.76
        4096       32768        2.11        2.11        2.11       46.68       46.68       46.68
        8192       65536        4.98        4.98        4.98       39.48       39.48       39.48
       16384      131072        8.19        8.19        8.19       48.03       48.03       48.03
       32768      262144       10.44       10.44       10.44       75.34       75.34       75.34
       65536      524288       22.00       22.00       22.00       71.48       71.48       71.48
      131072     1048576       41.28       41.28       41.28       76.20       76.20       76.20
      262144     2097152      132.07      132.07      132.07       47.64       47.64       47.64
      524288     4194304      316.60      316.60      316.60       39.74       39.74       39.74
     1048576     8388608      499.23      499.23      499.23       50.41       50.41       50.41
     2097152    16777216      931.57      931.57      931.57       54.03       54.03       54.03
     4194304    33554432     1956.19     1956.19     1956.19       51.46       51.46       51.46
     8388608    67108864     3238.96     3238.96     3238.96       62.16       62.16       62.16
    16777216   134217728    10059.00    10059.00    10059.00       40.03       40.03       40.03
    33554432   268435456    25992.76    25992.76    25992.76       30.98       30.98       30.98
    67108864   536870912    56888.54    56888.54    56888.54       28.31       28.31       28.31
Total time: 100.105 ms
Collective:             Reduce DT
Memory type:            host
Datatype:               float64
Reduction:              max
Inplace:                N/A
Warmup:                 
  small                 100
  large                 20
Iterations:             
  small                 1000
  large                 200
Iteration mode:         isolated

       Count        Size                Time, us                       Bus Bandwidth, GB/s
                                 avg         min         max         avg         max         min
        1024        8192        1.73        1.73        1.73       42.64       42.64       42.64
        2048       16384        1.98        1.98        1.98       74.32       74.32       74.32
        4096       32768        6.99        6.99        6.99       42.22       42.22       42.22
        8192       65536        9.46        9.46        9.46       62.34       62.34       62.34
       16384      131072       18.55       18.55       18.55       63.58       63.58       63.58
       32768      262144       36.78       36.78       36.78       64.15       64.15       64.15
       65536      524288       73.33       73.33       73.33       64.34       64.34       64.34
      131072     1048576      151.93      151.93      151.93       62.12       62.12       62.12
      262144     2097152      313.04      313.04      313.04       60.29       60.29       60.29
      524288     4194304      626.20      626.20      626.20       60.28       60.28       60.28
     1048576     8388608     1272.64     1272.64     1272.64       59.32       59.32       59.32
     2097152    16777216     1677.89     1677.89     1677.89       89.99       89.99       89.99
     4194304    33554432     2646.07     2646.07     2646.07      114.13      114.13      114.13
     8388608    67108864     5197.59     5197.59     5197.59      116.20      116.20      116.20
    16777216   134217728    11560.52    11560.52    11560.52      104.49      104.49      104.49
    33554432   268435456    26868.81    26868.81    26868.81       89.92       89.92       89.92
    67108864   536870912    57052.14    57052.14    57052.14       84.69       84.69       84.69
Total time: 107.516 ms
Collective:             Reduce DT
Memory type:            host
Datatype:               int32
Reduction:              sum
Inplace:                N/A
Warmup:                 
  small                 100
  large                 20
Iterations:             
  small                 1000
  large                 200
Iteration mode:         isolated

       Count        Size                Time, us                       Bus Bandwidth, GB/s
                                 avg         min         max         avg         max         min
        1024        4096        0.32        0.32        0.32       38.28       38.28       38.28
        2048        8192        0.37        0.37        0.37       66.96       66.96       66.96
        4096       16384        1.11        1.11        1.11       44.28       44.28       44.28
        8192       32768        2.33        2.33        2.33       42.15       42.15       42.15
       16384       65536        4.71        4.71        4.71       41.76       41.76       41.76
       32768      131072        8.12        8.12        8.12       48.45       48.45       48.45
       65536      262144       11.37       11.37       11.37       69.17       69.17       69.17
      131072      524288       25.14       25.14       25.14       62.55       62.55       62.55
      262144     1048576       58.90       58.90       58.90       53.41       53.41       53.41
      524288     2097152      121.31      121.31      121.31       51.86       51.86       51.86
     1048576     4194304      311.51      311.51      311.51       40.39       40.39       40.39
     2097152     8388608      504.50      504.50      504.50       49.88       49.88       49.88
     4194304    16777216      999.60      999.60      999.60       50.35       50.35       50.35
     8388608    33554432     1442.50     1442.50     1442.50       69.78       69.78       69.78
    16777216    67108864     2529.72     2529.72     2529.72       79.58       79.58       79.58
    33554432   134217728    10104.00    10104.00    10104.00       39.85       39.85       39.85
    67108864   268435456    25837.72    25837.72    25837.72       31.17       31.17       31.17
Total time: 41.9632 ms
Collective:             Reduce DT
Memory type:            host
Datatype:               int32
Reduction:              sum
Inplace:                N/A
Warmup:                 
  small                 100
  large                 20
Iterations:             
  small                 1000
  large                 200
Iteration mode:         isolated

       Count        Size                Time, us                       Bus Bandwidth, GB/s
                                 avg         min         max         avg         max         min
        1024        4096        0.47        0.47        0.47       77.61       77.61       77.61
        2048        8192        1.59        1.59        1.59       46.31       46.31       46.31
        4096       16384        3.81        3.81        3.81       38.68       38.68       38.68
        8192       32768        6.17        6.17        6.17       47.82       47.82       47.82
       16384       65536        9.51        9.51        9.51       62.04       62.04       62.04
       32768      131072       18.64       18.64       18.64       63.30       63.30       63.30
       65536      262144       36.69       36.69       36.69       64.30       64.30       64.30
      131072      524288       73.42       73.42       73.42       64.26       64.26       64.26
      262144     1048576      148.85      148.85      148.85       63.40       63.40       63.40
      524288     2097152      300.87      300.87      300.87       62.73       62.73       62.73
     1048576     4194304      606.63      606.63      606.63       62.23       62.23       62.23
     2097152     8388608     1230.67     1230.67     1230.67       61.35       61.35       61.35
     4194304    16777216     2205.39     2205.39     2205.39       68.47       68.47       68.47
     8388608    33554432     2566.11     2566.11     2566.11      117.68      117.68      117.68
    16777216    67108864     5206.81     5206.81     5206.81      116.00      116.00      116.00
    33554432   134217728    11605.85    11605.85    11605.85      104.08      104.08      104.08
    67108864   268435456    27036.49    27036.49    27036.49       89.36       89.36       89.36
Total time: 51.058 ms
Collective:             Reduce DT
Memory type:            host
Datatype:               int32
Reduction:              prod
Inplace:                N/A
Warmup:                 
  small                 100
  large                 20
Iterations:             
  small                 1000
  large                 200
Iteration mode:         isolated

       Count        Size                Time, us                       Bus Bandwidth, GB/s
                                 avg         min         max         avg         max         min
        1024        4096        0.40        0.40        0.40       30.80       30.80       30.80
        2048        8192        0.83        0.83        0.83       29.54       29.54       29.54
        4096       16384        1.45        1.45        1.45       33.94       33.94       33.94
        8192       32768        3.22        3.22        3.22       30.51       30.51       30.51
       16384       65536        6.75        6.75        6.75       29.13       29.13       29.13
       32768      131072       12.10       12.10       12.10       32.51       32.51       32.51
       65536      262144       24.34       24.34       24.34       32.32       32.32       32.32
      131072      524288       45.36       45.36       45.36       34.68       34.68       34.68
      262144     1048576       93.36       93.36       93.36       33.69       33.69       33.69
      524288     2097152      183.13      183.13      183.13       34.36       34.36       34.36
     1048576     4194304      360.96      360.96      360.96       34.86       34.86       34.86
     2097152     8388608      735.92      735.92      735.92       34.20       34.20       34.20
     4194304    16777216     1464.99     1464.99     1464.99       34.36       34.36       34.36
     8388608    33554432     2374.13     2374.13     2374.13       42.40       42.40       42.40
    16777216    67108864     3272.86     3272.86     3272.86       61.51       61.51       61.51
    33554432   134217728     9826.77     9826.77     9826.77       40.98       40.98       40.98
    67108864   268435456    25476.97    25476.97    25476.97       31.61       31.61       31.61
Total time: 43.8835 ms
Collective:             Reduce DT
Memory type:            host
Datatype:               int32
Reduction:              prod
Inplace:                N/A
Warmup:                 
  small                 100
  large                 20
Iterations:             
  small                 1000
  large                 200
Iteration mode:         isolated

       Count        Size                Time, us                       Bus Bandwidth, GB/s
                                 avg         min         max         avg         max         min
        1024        4096        3.07        3.07        3.07       12.00       12.00       12.00
        2048        8192        5.62        5.62        5.62       13.13       13.13       13.13
        4096       16384       11.59       11.59       11.59       12.72       12.72       12.72
        8192       32768       22.55       22.55       22.55       13.08       13.08       13.08
       16384       65536       44.51       44.51       44.51       13.25       13.25       13.25
       32768      131072       89.98       89.98       89.98       13.11       13.11       13.11
       65536      262144      177.90      177.90      177.90       13.26       13.26       13.26
      131072      524288      354.70      354.70      354.70       13.30       13.30       13.30
      262144     1048576      709.37      709.37      709.37       13.30       13.30       13.30
      524288     2097152     1431.46     1431.46     1431.46       13.19       13.19       13.19
     1048576     4194304     1499.80     1499.80     1499.80       25.17       25.17       25.17
     2097152     8388608     2996.52     2996.52     2996.52       25.20       25.20       25.20
     4194304    16777216     5999.35     5999.35     5999.35       25.17       25.17       25.17
     8388608    33554432    11964.76    11964.76    11964.76       25.24       25.24       25.24
    16777216    67108864    23994.78    23994.78    23994.78       25.17       25.17       25.17
    33554432   134217728    47917.70    47917.70    47917.70       25.21       25.21       25.21
    67108864   268435456    95959.90    95959.90    95959.90       25.18       25.18       25.18
Total time: 193.184 ms
Collective:             Reduce DT
Memory type:            host
Datatype:               int32
Reduction:              min
Inplace:                N/A
Warmup:                 
  small                 100
  large                 20
Iterations:             
  small                 1000
  large                 200
Iteration mode:         isolated

       Count        Size                Time, us                       Bus Bandwidth, GB/s
                                 avg         min         max         avg         max         min
        1024        4096        0.31        0.31        0.31       39.51       39.51       39.51
        2048        8192        0.58        0.58        0.58       42.52       42.52       42.52
        4096       16384        1.21        1.21        1.21       40.69       40.69       40.69
        8192       32768        2.27        2.27        2.27       43.21       43.21       43.21
       16384       65536        5.48        5.48        5.48       35.86       35.86       35.86
       32768      131072       10.40       10.40       10.40       37.82       37.82       37.82
       65536      262144       21.93       21.93       21.93       35.86       35.86       35.86
      131072      524288       33.48       33.48       33.48       46.98       46.98       46.98
      262144     1048576       70.50       70.50       70.50       44.62       44.62       44.62
      524288     2097152      151.34      151.34      151.34       41.57       41.57       41.57
     1048576     4194304      322.47      322.47      322.47       39.02       39.02       39.02
     2097152     8388608      594.04      594.04      594.04       42.36       42.36       42.36
     4194304    16777216     1176.89     1176.89     1176.89       42.77       42.77       42.77
     8388608    33554432     2382.36     2382.36     2382.36       42.25       42.25       42.25
    16777216    67108864     2807.89     2807.89     2807.89       71.70       71.70       71.70
    33554432   134217728    10106.38    10106.38    10106.38       39.84       39.84       39.84
    67108864   268435456    25875.19    25875.19    25875.19       31.12       31.12       31.12
Total time: 43.5627 ms
Collective:             Reduce DT
Memory type:            host
Datatype:               int32
Reduction:              min
Inplace:                N/A
Warmup:                 
  small                 100
  large                 20
Iterations:             
  small                 1000
  large                 200
Iteration mode:         isolated

       Count        Size                Time, us                       Bus Bandwidth, GB/s
                                 avg         min         max         avg         max         min
        1024        4096        1.28        1.28        1.28       28.71       28.71       28.71
        2048        8192        2.62        2.62        2.62       28.12       28.12       28.12
        4096       16384        5.68        5.68        5.68       25.97       25.97       25.97
        8192       32768       10.17       10.17       10.17       29.01       29.01       29.01
       16384       65536       20.24       20.24       20.24       29.14       29.14       29.14
       32768      131072       40.12       40.12       40.12       29.40       29.40       29.40
       65536      262144       83.87       83.87       83.87       28.13       28.13       28.13
      131072      524288      160.53      160.53      160.53       29.39       29.39       29.39
      262144     1048576      320.51      320.51      320.51       29.44       29.44       29.44
      524288     2097152      653.99      653.99      653.99       28.86       28.86       28.86
     1048576     4194304     1300.54     1300.54     1300.54       29.03       29.03       29.03
     2097152     8388608     2390.89     2390.89     2390.89       31.58       31.58       31.58
     4194304    16777216     2745.98     2745.98     2745.98       54.99       54.99       54.99
     8388608    33554432     5504.93     5504.93     5504.93       54.86       54.86       54.86
    16777216    67108864    11008.36    11008.36    11008.36       54.87       54.87       54.87
    33554432   134217728    22205.58    22205.58    22205.58       54.40       54.40       54.40
    67108864   268435456    44278.53    44278.53    44278.53       54.56       54.56       54.56
Total time: 90.7338 ms
Collective:             Reduce DT
Memory type:            host
Datatype:               int32
Reduction:              max
Inplace:                N/A
Warmup:                 
  small                 100
  large                 20
Iterations:             
  small                 1000
  large                 200
Iteration mode:         isolated

       Count        Size                Time, us                       Bus Bandwidth, GB/s
                                 avg         min         max         avg         max         min
        1024        4096        0.31        0.31        0.31       39.77       39.77       39.77
        2048        8192        0.57        0.57        0.57       42.74       42.74       42.74
        4096       16384        1.11        1.11        1.11       44.44       44.44       44.44
        8192       32768        2.27        2.27        2.27       43.36       43.36       43.36
       16384       65536        4.72        4.72        4.72       41.62       41.62       41.62
       32768      131072        8.53        8.53        8.53       46.13       46.13       46.13
       65536      262144       18.04       18.04       18.04       43.59       43.59       43.59
      131072      524288       33.03       33.03       33.03       47.61       47.61       47.61
      262144     1048576       67.31       67.31       67.31       46.73       46.73       46.73
      524288     2097152      138.39      138.39      138.39       45.46       45.46       45.46
     1048576     4194304      315.26      315.26      315.26       39.91       39.91       39.91
     2097152     8388608      553.14      553.14      553.14       45.50       45.50       45.50
     4194304    16777216     1108.52     1108.52     1108.52       45.40       45.40       45.40
     8388608    33554432     2036.91     2036.91     2036.91       49.42       49.42       49.42
    16777216    67108864     2604.82     2604.82     2604.82       77.29       77.29       77.29
    33554432   134217728     9780.33     9780.33     9780.33       41.17       41.17       41.17
    67108864   268435456    25596.74    25596.74    25596.74       31.46       31.46       31.46
Total time: 42.27 ms
Collective:             Reduce DT
Memory type:            host
Datatype:               int32
Reduction:              max
Inplace:                N/A
Warmup:                 
  small                 100
  large                 20
Iterations:             
  small                 1000
  large                 200
Iteration mode:         isolated

       Count        Size                Time, us                       Bus Bandwidth, GB/s
                                 avg         min         max         avg         max         min
        1024        4096        1.28        1.28        1.28       28.73       28.73       28.73
        2048        8192        2.58        2.58        2.58       28.60       28.60       28.60
        4096       16384        5.08        5.08        5.08       29.02       29.02       29.02
        8192       32768       10.12       10.12       10.12       29.15       29.15       29.15
       16384       65536       21.19       21.19       21.19       27.84       27.84       27.84
       32768      131072       40.03       40.03       40.03       29.47       29.47       29.47
       65536      262144       79.96       79.96       79.96       29.51       29.51       29.51
      131072      524288      159.82      159.82      159.82       29.52       29.52       29.52
      262144     1048576      319.61      319.61      319.61       29.53       29.53       29.53
      524288     2097152      646.14      646.14      646.14       29.21       29.21       29.21
     1048576     4194304      990.10      990.10      990.10       38.13       38.13       38.13
     2097152     8388608     1347.35     1347.35     1347.35       56.03       56.03       56.03
     4194304    16777216     2697.19     2697.19     2697.19       55.98       55.98       55.98
     8388608    33554432     5430.98     5430.98     5430.98       55.61       55.61       55.61
    16777216    67108864    10898.65    10898.65    10898.65       55.42       55.42       55.42
    33554432   134217728    21850.62    21850.62    21850.62       55.28       55.28       55.28
    67108864   268435456    43483.86    43483.86    43483.86       55.56       55.56       55.56
Total time: 87.9845 ms
Collective:             Reduce DT
Memory type:            host
Datatype:               int64
Reduction:              sum
Inplace:                N/A
Warmup:                 
  small                 100
  large                 20
Iterations:             
  small                 1000
  large                 200
Iteration mode:         isolated

       Count        Size                Time, us                       Bus Bandwidth, GB/s
                                 avg         min         max         avg         max         min
        1024        8192        0.19        0.19        0.19      128.00      128.00      128.00
        2048       16384        0.45        0.45        0.45      110.21      110.21      110.21
        4096       32768        1.04        1.04        1.04       94.61       94.61       94.61
        8192       65536        2.48        2.48        2.48       79.37       79.37       79.37
       16384      131072        4.19        4.19        4.19       93.91       93.91       93.91
       32768      262144        5.43        5.43        5.43      144.94      144.94      144.94
       65536      524288       10.89       10.89       10.89      144.43      144.43      144.43
      131072     1048576       24.48       24.48       24.48      128.48      128.48      128.48
      262144     2097152       52.79       52.79       52.79      119.18      119.18      119.18
      524288     4194304      137.27      137.27      137.27       91.67       91.67       91.67
     1048576     8388608      273.51      273.51      273.51       92.01       92.01       92.01
     2097152    16777216      549.86      549.86      549.86       91.54       91.54       91.54
     4194304    33554432     1098.83     1098.83     1098.83       91.61       91.61       91.61
     8388608    67108864     2537.41     2537.41     2537.41       79.34       79.34       79.34
    16777216   134217728    10026.48    10026.48    10026.48       40.16       40.16       40.16
    33554432   268435456    26119.09    26119.09    26119.09       30.83       30.83       30.83
    67108864   536870912    56843.29    56843.29    56843.29       28.33       28.33       28.33
Total time: 97.6877 ms
Collective:             Reduce DT
Memory type:            host
Datatype:               int64
Reduction:              sum
Inplace:                N/A
Warmup:                 
  small                 100
  large                 20
Iterations:             
  small                 1000
  large                 200
Iteration mode:         isolated

       Count        Size                Time, us                       Bus Bandwidth, GB/s
                                 avg         min         max         avg         max         min
        1024        8192        1.42        1.42        1.42       51.99       51.99       51.99
        2048       16384        1.77        1.77        1.77       83.07       83.07       83.07
        4096       32768        6.39        6.39        6.39       46.16       46.16       46.16
        8192       65536        9.30        9.30        9.30       63.42       63.42       63.42
       16384      131072       18.96       18.96       18.96       62.21       62.21       62.21
       32768      262144       36.85       36.85       36.85       64.03       64.03       64.03
       65536      524288       73.67       73.67       73.67       64.05       64.05       64.05
      131072     1048576      151.60      151.60      151.60       62.25       62.25       62.25
      262144     2097152      300.05      300.05      300.05       62.90       62.90       62.90
      524288     4194304      604.82      604.82      604.82       62.41       62.41       62.41
     1048576     8388608     1214.78     1214.78     1214.78       62.15       62.15       62.15
     2097152    16777216     1663.99     1663.99     1663.99       90.74       90.74       90.74
     4194304    33554432     2558.14     2558.14     2558.14      118.05      118.05      118.05
     8388608    67108864     5204.11     5204.11     5204.11      116.06      116.06      116.06
    16777216   134217728    11587.28    11587.28    11587.28      104.25      104.25      104.25
    33554432   268435456    26979.38    26979.38    26979.38       89.55       89.55       89.55
    67108864   536870912    57082.11    57082.11    57082.11       84.65       84.65       84.65
Total time: 107.495 ms
Collective:             Reduce DT
Memory type:            host
Datatype:               int64
Reduction:              prod
Inplace:                N/A
Warmup:                 
  small                 100
  large                 20
Iterations:             
  small                 1000
  large                 200
Iteration mode:         isolated

       Count        Size                Time, us                       Bus Bandwidth, GB/s
                                 avg         min         max         avg         max         min
        1024        8192        0.62        0.62        0.62       39.90       39.90       39.90
        2048       16384        1.33        1.33        1.33       37.07       37.07       37.07
        4096       32768        3.16        3.16        3.16       31.11       31.11       31.11
        8192       65536        6.78        6.78        6.78       29.01       29.01       29.01
       16384      131072       12.33       12.33       12.33       31.90       31.90       31.90
       32768      262144       18.33       18.33       18.33       42.89       42.89       42.89
       65536      524288       36.34       36.34       36.34       43.28       43.28       43.28
      131072     1048576       72.22       72.22       72.22       43.56       43.56       43.56
      262144     2097152      159.57      159.57      159.57       39.43       39.43       39.43
      524288     4194304      337.58      337.58      337.58       37.27       37.27       37.27
     1048576     8388608      614.16      614.16      614.16       40.98       40.98       40.98
     2097152    16777216     1153.90     1153.90     1153.90       43.62       43.62       43.62
     4194304    33554432     1287.58     1287.58     1287.58       78.18       78.18       78.18
     8388608    67108864     2857.57     2857.57     2857.57       70.45       70.45       70.45
    16777216   134217728    10449.14    10449.14    10449.14       38.53       38.53       38.53
    33554432   268435456    26805.58    26805.58    26805.58       30.04       30.04       30.04
    67108864   536870912    58340.41    58340.41    58340.41       27.61       27.61       27.61
Total time: 102.157 ms
Collective:             Reduce DT
Memory type:            host
Datatype:               int64
Reduction:              prod
Inplace:                N/A
Warmup:                 
  small                 100
  large                 20
Iterations:             
  small                 1000
  large                 200
Iteration mode:         isolated

       Count        Size                Time, us                       Bus Bandwidth, GB/s
                                 avg         min         max         avg         max         min
        1024        8192        3.66        3.66        3.66       20.14       20.14       20.14
        2048       16384        7.54        7.54        7.54       19.55       19.55       19.55
        4096       32768       14.63       14.63       14.63       20.16       20.16       20.16
        8192       65536       28.84       28.84       28.84       20.45       20.45       20.45
       16384      131072       57.61       57.61       57.61       20.48       20.48       20.48
       32768      262144      116.05      116.05      116.05       20.33       20.33       20.33
       65536      524288      230.04      230.04      230.04       20.51       20.51       20.51
      131072     1048576      460.06      460.06      460.06       20.51       20.51       20.51
      262144     2097152      931.10      931.10      931.10       20.27       20.27       20.27
      524288     4194304     1278.38     1278.38     1278.38       29.53       29.53       29.53
     1048576     8388608     1941.05     1941.05     1941.05       38.90       38.90       38.90
     2097152    16777216     3910.50     3910.50     3910.50       38.61       38.61       38.61
     4194304    33554432     7795.66     7795.66     7795.66       38.74       38.74       38.74
     8388608    67108864    15575.47    15575.47    15575.47       38.78       38.78       38.78
    16777216   134217728    31296.56    31296.56    31296.56       38.60       38.60       38.60
    33554432   268435456    62646.93    62646.93    62646.93       38.56       38.56       38.56
    67108864   536870912   124937.62   124937.62   124937.62       38.67       38.67       38.67
Total time: 251.232 ms
Collective:             Reduce DT
Memory type:            host
Datatype:               int64
Reduction:              min
Inplace:                N/A
Warmup:                 
  small                 100
  large                 20
Iterations:             
  small                 1000
  large                 200
Iteration mode:         isolated

       Count        Size                Time, us                       Bus Bandwidth, GB/s
                                 avg         min         max         avg         max         min
        1024        8192        0.74        0.74        0.74       33.30       33.30       33.30
        2048       16384        1.54        1.54        1.54       32.00       32.00       32.00
        4096       32768        3.12        3.12        3.12       31.51       31.51       31.51
        8192       65536        6.92        6.92        6.92       28.42       28.42       28.42
       16384      131072       12.24       12.24       12.24       32.11       32.11       32.11
       32768      262144       23.16       23.16       23.16       33.95       33.95       33.95
       65536      524288       49.66       49.66       49.66       31.68       31.68       31.68
      131072     1048576       90.94       90.94       90.94       34.59       34.59       34.59
      262144     2097152      188.93      188.93      188.93       33.30       33.30       33.30
      524288     4194304      383.55      383.55      383.55       32.81       32.81       32.81
     1048576     8388608      757.85      757.85      757.85       33.21       33.21       33.21
     2097152    16777216     1511.23     1511.23     1511.23       33.30       33.30       33.30
     4194304    33554432     1632.76     1632.76     1632.76       61.65       61.65       61.65
     8388608    67108864     3456.75     3456.75     3456.75       58.24       58.24       58.24
    16777216   134217728    10450.40    10450.40    10450.40       38.53       38.53       38.53
    33554432   268435456    26579.53    26579.53    26579.53       30.30       30.30       30.30
    67108864   536870912    57641.34    57641.34    57641.34       27.94       27.94       27.94
Total time: 102.791 ms
Collective:             Reduce DT
Memory type:            host
Datatype:               int64
Reduction:              min
Inplace:                N/A
Warmup:                 
  small                 100
  large                 20
Iterations:             
  small                 1000
  large                 200
Iteration mode:         isolated

       Count        Size                Time, us                       Bus Bandwidth, GB/s
                                 avg         min         max         avg         max         min
        1024        8192        2.56        2.56        2.56       28.83       28.83       28.83
        2048       16384        4.53        4.53        4.53       32.54       32.54       32.54
        4096       32768       10.06       10.06       10.06       29.31       29.31       29.31
        8192       65536       21.70       21.70       21.70       27.18       27.18       27.18
       16384      131072       39.41       39.41       39.41       29.94       29.94       29.94
       32768      262144       80.14       80.14       80.14       29.44       29.44       29.44
       65536      524288      166.74      166.74      166.74       28.30       28.30       28.30
      131072     1048576      324.19      324.19      324.19       29.11       29.11       29.11
      262144     2097152      643.84      643.84      643.84       29.32       29.32       29.32
      524288     4194304     1363.53     1363.53     1363.53       27.68       27.68       27.68
     1048576     8388608     2711.80     2711.80     2711.80       27.84       27.84       27.84
     2097152    16777216     3578.73     3578.73     3578.73       42.19       42.19       42.19
     4194304    33554432     5751.29     5751.29     5751.29       52.51       52.51       52.51
     8388608    67108864    11552.83    11552.83    11552.83       52.28       52.28       52.28
    16777216   134217728    23113.33    23113.33    23113.33       52.26       52.26       52.26
    33554432   268435456    46353.69    46353.69    46353.69       52.12       52.12       52.12
    67108864   536870912    92361.59    92361.59    92361.59       52.31       52.31       52.31
Total time: 188.08 ms
Collective:             Reduce DT
Memory type:            host
Datatype:               int64
Reduction:              max
Inplace:                N/A
Warmup:                 
  small                 100
  large                 20
Iterations:             
  small                 1000
  large                 200
Iteration mode:         isolated

       Count        Size                Time, us                       Bus Bandwidth, GB/s
                                 avg         min         max         avg         max         min
        1024        8192        0.75        0.75        0.75       32.81       32.81       32.81
        2048       16384        1.62        1.62        1.62       30.38       30.38       30.38
        4096       32768        4.31        4.31        4.31       22.83       22.83       22.83
        8192       65536        8.03        8.03        8.03       24.48       24.48       24.48
       16384      131072       14.84       14.84       14.84       26.50       26.50       26.50
       32768      262144       22.53       22.53       22.53       34.91       34.91       34.91
       65536      524288       44.27       44.27       44.27       35.53       35.53       35.53
      131072     1048576       88.87       88.87       88.87       35.40       35.40       35.40
      262144     2097152      186.56      186.56      186.56       33.72       33.72       33.72
      524288     4194304      399.63      399.63      399.63       31.49       31.49       31.49
     1048576     8388608      781.88      781.88      781.88       32.19       32.19       32.19
     2097152    16777216     1594.96     1594.96     1594.96       31.56       31.56       31.56
     4194304    33554432     1592.83     1592.83     1592.83       63.20       63.20       63.20
     8388608    67108864     3429.60     3429.60     3429.60       58.70       58.70       58.70
    16777216   134217728    10612.75    10612.75    10612.75       37.94       37.94       37.94
    33554432   268435456    26481.53    26481.53    26481.53       30.41       30.41       30.41
    67108864   536870912    57638.64    57638.64    57638.64       27.94       27.94       27.94
Total time: 102.904 ms
Collective:             Reduce DT
Memory type:            host
Datatype:               int64
Reduction:              max
Inplace:                N/A
Warmup:                 
  small                 100
  large                 20
Iterations:             
  small                 1000
  large                 200
Iteration mode:         isolated

       Count        Size                Time, us                       Bus Bandwidth, GB/s
                                 avg         min         max         avg         max         min
        1024        8192        2.73        2.73        2.73       27.00       27.00       27.00
        2048       16384        4.58        4.58        4.58       32.18       32.18       32.18
        4096       32768       11.32       11.32       11.32       26.04       26.04       26.04
        8192       65536       19.82       19.82       19.82       29.75       29.75       29.75
       16384      131072       39.54       39.54       39.54       29.84       29.84       29.84
       32768      262144       78.34       78.34       78.34       30.11       30.11       30.11
       65536      524288      161.29      161.29      161.29       29.25       29.25       29.25
      131072     1048576      337.26      337.26      337.26       27.98       27.98       27.98
      262144     2097152      694.82      694.82      694.82       27.16       27.16       27.16
      524288     4194304     1078.36     1078.36     1078.36       35.01       35.01       35.01
     1048576     8388608     1461.43     1461.43     1461.43       51.66       51.66       51.66
     2097152    16777216     2870.66     2870.66     2870.66       52.60       52.60       52.60
     4194304    33554432     5760.44     5760.44     5760.44       52.42       52.42       52.42
     8388608    67108864    11523.56    11523.56    11523.56       52.41       52.41       52.41
    16777216   134217728    23201.60    23201.60    23201.60       52.06       52.06       52.06
    33554432   268435456    46383.78    46383.78    46383.78       52.09       52.09       52.09
    67108864   536870912    92350.72    92350.72    92350.72       52.32       52.32       52.32
Total time: 185.98 ms
Collective:             Reduce DT strided
Memory type:            host
Datatype:               float32
Reduction:              sum
Inplace:                N/A
Warmup:                 
  small                 100
  large                 20
Iterations:             
  small                 1000
  large                 200
Iteration mode:         isolated

       Count        Size                Time, us                       Bus Bandwidth, GB/s
                                 avg         min         max         avg         max         min
        1024        4096        0.21        0.21        0.21       57.69       57.69       57.69
        2048        8192        0.36        0.36        0.36       68.46       68.46       68.46
        4096       16384        0.81        0.81        0.81       60.53       60.53       60.53
        8192       32768        2.07        2.07        2.07       47.44       47.44       47.44
       16384       65536        4.26        4.26        4.26       46.20       46.20       46.20
       32768      131072        7.32        7.32        7.32       53.73       53.73       53.73
       65536      262144       10.50       10.50       10.50       74.90       74.90       74.90
      131072      524288       19.67       19.67       19.67       79.96       79.96       79.96
      262144     1048576       39.30       39.30       39.30       80.04       80.04       80.04
      524288     2097152      122.44      122.44      122.44       51.38       51.38       51.38
     1048576     4194304      294.36      294.36      294.36       42.75       42.75       42.75
     2097152     8388608      508.55      508.55      508.55       49.49       49.49       49.49
     4194304    16777216     1006.04     1006.04     1006.04       50.03       50.03       50.03
     8388608    33554432     1616.05     1616.05     1616.05       62.29       62.29       62.29
    16777216    67108864     2498.47     2498.47     2498.47       80.58       80.58       80.58
    33554432   134217728    10195.67    10195.67    10195.67       39.49       39.49       39.49
    67108864   268435456    26061.47    26061.47    26061.47       30.90       30.90       30.90
Total time: 42.3875 ms
Collective:             Reduce DT strided
Memory type:            host
Datatype:               float32
Reduction:              sum
Inplace:                N/A
Warmup:                 
  small                 100
  large                 20
Iterations:             
  small                 1000
  large                 200
Iteration mode:         isolated

       Count        Size                Time, us                       Bus Bandwidth, GB/s
                                 avg         min         max         avg         max         min
        1024        4096        0.51        0.51        0.51       73.00       73.00       73.00
        2048        8192        1.61        1.61        1.61       45.77       45.77       45.77
        4096       16384        3.54        3.54        3.54       41.71       41.71       41.71
        8192       32768        6.15        6.15        6.15       47.92       47.92       47.92
       16384       65536        9.85        9.85        9.85       59.86       59.86       59.86
       32768      131072       19.39       19.39       19.39       60.85       60.85       60.85
       65536      262144       38.23       38.23       38.23       61.71       61.71       61.71
      131072      524288       76.64       76.64       76.64       61.56       61.56       61.56
      262144     1048576      153.68      153.68      153.68       61.41       61.41       61.41
      524288     2097152      312.10      312.10      312.10       60.48       60.48       60.48
     1048576     4194304      627.78      627.78      627.78       60.13       60.13       60.13
     2097152     8388608     1264.53     1264.53     1264.53       59.70       59.70       59.70
     4194304    16777216     1941.21     1941.21     1941.21       77.78       77.78       77.78
     8388608    33554432     2656.82     2656.82     2656.82      113.67      113.67      113.67
    16777216    67108864     5377.77     5377.77     5377.77      112.31      112.31      112.31
    33554432   134217728    11755.85    11755.85    11755.85      102.75      102.75      102.75
    67108864   268435456    27083.38    27083.38    27083.38       89.20       89.20       89.20
Total time: 51.329 ms
Collective:             Reduce DT strided
Memory type:            host
Datatype:               float32
Reduction:              prod
Inplace:                N/A
Warmup:                 
  small                 100
  large                 20
Iterations:             
  small                 1000
  large                 200
Iteration mode:         isolated

       Count        Size                Time, us                       Bus Bandwidth, GB/s
                                 avg         min         max         avg         max         min
        1024        4096        0.21        0.21        0.21       58.79       58.79       58.79
        2048        8192        0.38        0.38        0.38       64.34       64.34       64.34
        4096       16384        1.11        1.11        1.11       44.28       44.28       44.28
        8192       32768        2.12        2.12        2.12       46.28       46.28       46.28
       16384       65536        4.74        4.74        4.74       41.45       41.45       41.45
       32768      131072        8.46        8.46        8.46       46.47       46.47       46.47
       65536      262144       10.52       10.52       10.52       74.79       74.79       74.79
      131072      524288       32.98       32.98       32.98       47.69       47.69       47.69
      262144     1048576       58.11       58.11       58.11       54.13       54.13       54.13
      524288     2097152      138.63      138.63      138.63       45.38       45.38       45.38
     1048576     4194304      323.06      323.06      323.06       38.95       38.95       38.95
     2097152     8388608      525.44      525.44      525.44       47.89       47.89       47.89
     4194304    16777216      819.85      819.85      819.85       61.39       61.39       61.39
     8388608    33554432     1163.95     1163.95     1163.95       86.48       86.48       86.48
    16777216    67108864     2623.95     2623.95     2623.95       76.73       76.73       76.73
    33554432   134217728    10178.38    10178.38    10178.38       39.56       39.56       39.56
    67108864   268435456    26215.22    26215.22    26215.22       30.72       30.72       30.72
Total time: 42.1071 ms
Collective:             Reduce DT strided
Memory type:            host
Datatype:               float32
Reduction:              prod
Inplace:                N/A
Warmup:                 
  small                 100
  large                 20
Iterations:             
  small                 1000
  large                 200
Iteration mode:         isolated

       Count        Size                Time, us                       Bus Bandwidth, GB/s
                                 avg         min         max         avg         max         min
        1024        4096        0.54        0.54        0.54       68.65       68.65       68.65
        2048        8192        1.62        1.62        1.62       45.51       45.51       45.51
        4096       16384        3.80        3.80        3.80       38.82       38.82       38.82
        8192       32768        6.30        6.30        6.30       46.78       46.78       46.78
       16384       65536        9.11        9.11        9.11       64.76       64.76       64.76
       32768      131072       18.80       18.80       18.80       62.73       62.73       62.73
       65536      262144       36.77       36.77       36.77       64.17       64.17       64.17
      131072      524288       72.72       72.72       72.72       64.89       64.89       64.89
      262144     1048576      149.32      149.32      149.32       63.20       63.20       63.20
      524288     2097152      311.46      311.46      311.46       60.60       60.60       60.60
     1048576     4194304      626.60      626.60      626.60       60.24       60.24       60.24
     2097152     8388608     1268.64     1268.64     1268.64       59.51       59.51       59.51
     4194304    16777216     1593.48     1593.48     1593.48       94.76       94.76       94.76
     8388608    33554432     2568.27     2568.27     2568.27      117.58      117.58      117.58
    16777216    67108864     5207.69     5207.69     5207.69      115.98      115.98      115.98
    33554432   134217728    11726.49    11726.49    11726.49      103.01      103.01      103.01
    67108864   268435456    27477.01    27477.01    27477.01       87.93       87.93       87.93
Total time: 51.0786 ms
Collective:             Reduce DT strided
Memory type:            host
Datatype:               float32
Reduction:              min
Inplace:                N/A
Warmup:                 
  small                 100
  large                 20
Iterations:             
  small                 1000
  large                 200
Iteration mode:         isolated

       Count        Size                Time, us                       Bus Bandwidth, GB/s
                                 avg         min         max         avg         max         min
        1024        4096        0.21        0.21        0.21       57.96       57.96       57.96
        2048        8192        0.38        0.38        0.38       65.36       65.36       65.36
        4096       16384        1.23        1.23        1.23       39.90       39.90       39.90
        8192       32768        2.16        2.16        2.16       45.49       45.49       45.49
       16384       65536        4.29        4.29        4.29       45.87       45.87       45.87
       32768      131072        7.20        7.20        7.20       54.61       54.61       54.61
       65536      262144       10.05       10.05       10.05       78.21       78.21       78.21
      131072      524288       19.91       19.91       19.91       79.02       79.02       79.02
      262144     1048576       40.00       40.00       40.00       78.64       78.64       78.64
      524288     2097152       99.47       99.47       99.47       63.25       63.25       63.25
     1048576     4194304      259.89      259.89      259.89       48.42       48.42       48.42
     2097152     8388608      367.10      367.10      367.10       68.55       68.55       68.55
     4194304    16777216      575.42      575.42      575.42       87.47       87.47       87.47
     8388608    33554432     1130.76     1130.76     1130.76       89.02       89.02       89.02
    16777216    67108864     2531.70     2531.70     2531.70       79.52       79.52       79.52
    33554432   134217728    10150.80    10150.80    10150.80       39.67       39.67       39.67
    67108864   268435456    26017.13    26017.13    26017.13       30.95       30.95       30.95
Total time: 41.2177 ms
Collective:             Reduce DT strided
Memory type:            host
Datatype:               float32
Reduction:              min
Inplace:                N/A
Warmup:                 
  small                 100
  large                 20
Iterations:             
  small                 1000
  large                 200
Iteration mode:         isolated

       Count        Size                Time, us                       Bus Bandwidth, GB/s
                                 avg         min         max         avg         max         min
        1024        4096        0.51        0.51        0.51       72.00       72.00       72.00
        2048        8192        1.60        1.60        1.60       46.17       46.17       46.17
        4096       16384        3.55        3.55        3.55       41.57       41.57       41.57
        8192       32768        6.62        6.62        6.62       44.53       44.53       44.53
       16384       65536        9.26        9.26        9.26       63.69       63.69       63.69
       32768      131072       18.88       18.88       18.88       62.47       62.47       62.47
       65536      262144       36.78       36.78       36.78       64.14       64.14       64.14
      131072      524288       73.34       73.34       73.34       64.33       64.33       64.33
      262144     1048576      152.31      152.31      152.31       61.96       61.96       61.96
      524288     2097152      313.19      313.19      313.19       60.26       60.26       60.26
     1048576     4194304      633.68      633.68      633.68       59.57       59.57       59.57
     2097152     8388608     1227.64     1227.64     1227.64       61.50       61.50       61.50
     4194304    16777216     2422.44     2422.44     2422.44       62.33       62.33       62.33
     8388608    33554432     2562.09     2562.09     2562.09      117.87      117.87      117.87
    16777216    67108864     5216.60     5216.60     5216.60      115.78      115.78      115.78
    33554432   134217728    11645.03    11645.03    11645.03      103.73      103.73      103.73
    67108864   268435456    27116.87    27116.87    27116.87       89.09       89.09       89.09
Total time: 51.4404 ms
Collective:             Reduce DT strided
Memory type:            host
Datatype:               float32
Reduction:              max
Inplace:                N/A
Warmup:                 
  small                 100
  large                 20
Iterations:             
  small                 1000
  large                 200
Iteration mode:         isolated

       Count        Size                Time, us                       Bus Bandwidth, GB/s
                                 avg         min         max         avg         max         min
        1024        4096        0.21        0.21        0.21       58.79       58.79       58.79
        2048        8192        0.38        0.38        0.38       65.19       65.19       65.19
        4096       16384        0.81        0.81        0.81       60.76       60.76       60.76
        8192       32768        2.34        2.34        2.34       42.08       42.08       42.08
       16384       65536        4.66        4.66        4.66       42.17       42.17       42.17
       32768      131072        7.04        7.04        7.04       55.85       55.85       55.85
       65536      262144       11.68       11.68       11.68       67.36       67.36       67.36
      131072      524288       19.79       19.79       19.79       79.50       79.50       79.50
      262144     1048576       42.47       42.47       42.47       74.07       74.07       74.07
      524288     2097152      117.64      117.64      117.64       53.48       53.48       53.48
     1048576     4194304      293.69      293.69      293.69       42.84       42.84       42.84
     2097152     8388608      491.74      491.74      491.74       51.18       51.18       51.18
     4194304    16777216      965.17      965.17      965.17       52.15       52.15       52.15
     8388608    33554432     1883.28     1883.28     1883.28       53.45       53.45       53.45
    16777216    67108864     2496.45     2496.45     2496.45       80.65       80.65       80.65
    33554432   134217728    10163.74    10163.74    10163.74       39.62       39.62       39.62
    67108864   268435456    25934.44    25934.44    25934.44       31.05       31.05       31.05
Total time: 42.4355 ms
Collective:             Reduce DT strided
Memory type:            host
Datatype:               float32
Reduction:              max
Inplace:                N/A
Warmup:                 
  small                 100
  large                 20
Iterations:             
  small                 1000
  large                 200
Iteration mode:         isolated

       Count        Size                Time, us                       Bus Bandwidth, GB/s
                                 avg         min         max         avg         max         min
        1024        4096        0.52        0.52        0.52       71.58       71.58       71.58
        2048        8192        1.59        1.59        1.59       46.40       46.40       46.40
        4096       16384        3.54        3.54        3.54       41.61       41.61       41.61
        8192       32768        6.08        6.08        6.08       48.55       48.55       48.55
       16384       65536        9.57        9.57        9.57       61.66       61.66       61.66
       32768      131072       18.46       18.46       18.46       63.92       63.92       63.92
       65536      262144       36.99       36.99       36.99       63.77       63.77       63.77
      131072      524288       73.17       73.17       73.17       64.48       64.48       64.48
      262144     1048576      149.93      149.93      149.93       62.94       62.94       62.94
      524288     2097152      310.71      310.71      310.71       60.75       60.75       60.75
     1048576     4194304      635.00      635.00      635.00       59.45       59.45       59.45
     2097152     8388608     1282.67     1282.67     1282.67       58.86       58.86       58.86
     4194304    16777216     1763.95     1763.95     1763.95       85.60       85.60       85.60
     8388608    33554432     2738.28     2738.28     2738.28      110.28      110.28      110.28
    16777216    67108864     5542.32     5542.32     5542.32      108.98      108.98      108.98
    33554432   134217728    11591.61    11591.61    11591.61      104.21      104.21      104.21
    67108864   268435456    26821.91    26821.91    26821.91       90.07       90.07       90.07
Total time: 50.9863 ms
Collective:             Reduce DT strided
Memory type:            host
Datatype:               float64
Reduction:              sum
Inplace:                N/A
Warmup:                 
  small                 100
  large                 20
Iterations:             
  small                 1000
  large                 200
Iteration mode:         isolated

       Count        Size                Time, us                       Bus Bandwidth, GB/s
                                 avg         min         max         avg         max         min
        1024        8192        0.36        0.36        0.36       68.65       68.65       68.65
        2048       16384        0.79        0.79        0.79       62.53       62.53       62.53
        4096       32768        2.41        2.41        2.41       40.74       40.74       40.74
        8192       65536        4.97        4.97        4.97       39.54       39.54       39.54
       16384      131072        7.95        7.95        7.95       49.49       49.49       49.49
       32768      262144       10.29       10.29       10.29       76.46       76.46       76.46
       65536      524288       20.48       20.48       20.48       76.80       76.80       76.80
      131072     1048576       40.77       40.77       40.77       77.17       77.17       77.17
      262144     2097152      127.83      127.83      127.83       49.22       49.22       49.22
      524288     4194304      294.40      294.40      294.40       42.74       42.74       42.74
     1048576     8388608      514.04      514.04      514.04       48.96       48.96       48.96
     2097152    16777216     1030.21     1030.21     1030.21       48.86       48.86       48.86
     4194304    33554432     1208.91     1208.91     1208.91       83.27       83.27       83.27
     8388608    67108864     2454.05     2454.05     2454.05       82.04       82.04       82.04
    16777216   134217728    10182.32    10182.32    10182.32       39.54       39.54       39.54
    33554432   268435456    26005.80    26005.80    26005.80       30.97       30.97       30.97
    67108864   536870912    56862.90    56862.90    56862.90       28.32       28.32       28.32
Total time: 98.7685 ms
Collective:             Reduce DT strided
Memory type:            host
Datatype:               float64
Reduction:              sum
Inplace:                N/A
Warmup:                 
  small                 100
  large                 20
Iterations:             
  small                 1000
  large                 200
Iteration mode:         isolated

       Count        Size                Time, us                       Bus Bandwidth, GB/s
                                 avg         min         max         avg         max         min
        1024        8192        1.71        1.71        1.71       43.19       43.19       43.19
        2048       16384        1.85        1.85        1.85       79.49       79.49       79.49
        4096       32768        7.23        7.23        7.23       40.79       40.79       40.79
        8192       65536        9.94        9.94        9.94       59.31       59.31       59.31
       16384      131072       19.38       19.38       19.38       60.87       60.87       60.87
       32768      262144       38.21       38.21       38.21       61.74       61.74       61.74
       65536      524288       76.14       76.14       76.14       61.97       61.97       61.97
      131072     1048576      157.79      157.79      157.79       59.81       59.81       59.81
      262144     2097152      326.77      326.77      326.77       57.76       57.76       57.76
      524288     4194304      624.43      624.43      624.43       60.45       60.45       60.45
     1048576     8388608      695.88      695.88      695.88      108.49      108.49      108.49
     2097152    16777216     1308.24     1308.24     1308.24      115.42      115.42      115.42
     4194304    33554432     2649.20     2649.20     2649.20      113.99      113.99      113.99
     8388608    67108864     5389.45     5389.45     5389.45      112.07      112.07      112.07
    16777216   134217728    11783.67    11783.67    11783.67      102.51      102.51      102.51
    33554432   268435456    27040.47    27040.47    27040.47       89.34       89.34       89.34
    67108864   536870912    57109.70    57109.70    57109.70       84.61       84.61       84.61
Total time: 107.24 ms
Collective:             Reduce DT strided
Memory type:            host
Datatype:               float64
Reduction:              prod
Inplace:                N/A
Warmup:                 
  small                 100
  large                 20
Iterations:             
  small                 1000
  large                 200
Iteration mode:         isolated

       Count        Size                Time, us                       Bus Bandwidth, GB/s
                                 avg         min         max         avg         max         min
        1024        8192        0.38        0.38        0.38       64.50       64.50       64.50
        2048       16384        0.82        0.82        0.82       59.72       59.72       59.72
        4096       32768        1.81        1.81        1.81       54.43       54.43       54.43
        8192       65536        4.23        4.23        4.23       46.52       46.52       46.52
       16384      131072        7.18        7.18        7.18       54.79       54.79       54.79
       32768      262144       10.18       10.18       10.18       77.23       77.23       77.23
       65536      524288       20.71       20.71       20.71       75.95       75.95       75.95
      131072     1048576       39.80       39.80       39.80       79.05       79.05       79.05
      262144     2097152      109.14      109.14      109.14       57.64       57.64       57.64
      524288     4194304      263.42      263.42      263.42       47.77       47.77       47.77
     1048576     8388608      374.53      374.53      374.53       67.19       67.19       67.19
     2097152    16777216      569.66      569.66      569.66       88.35       88.35       88.35
     4194304    33554432     1131.44     1131.44     1131.44       88.97       88.97       88.97
     8388608    67108864     2533.62     2533.62     2533.62       79.46       79.46       79.46
    16777216   134217728    10293.77    10293.77    10293.77       39.12       39.12       39.12
    33554432   268435456    25769.50    25769.50    25769.50       31.25       31.25       31.25
    67108864   536870912    56452.03    56452.03    56452.03       28.53       28.53       28.53
Total time: 97.5822 ms
Collective:             Reduce DT strided
Memory type:            host
Datatype:               float64
Reduction:              prod
Inplace:                N/A
Warmup:                 
  small                 100
  large                 20
Iterations:             
  small                 1000
  large                 200
Iteration mode:         isolated

       Count        Size                Time, us                       Bus Bandwidth, GB/s
                                 avg         min         max         avg         max         min
        1024        8192        1.71        1.71        1.71       43.19       43.19       43.19
        2048       16384        3.58        3.58        3.58       41.21       41.21       41.21
        4096       32768        7.25        7.25        7.25       40.67       40.67       40.67
        8192       65536        9.50        9.50        9.50       62.06       62.06       62.06
       16384      131072       18.58       18.58       18.58       63.49       63.49       63.49
       32768      262144       36.41       36.41       36.41       64.79       64.79       64.79
       65536      524288       72.95       72.95       72.95       64.68       64.68       64.68
      131072     1048576      151.49      151.49      151.49       62.30       62.30       62.30
      262144     2097152      321.43      321.43      321.43       58.72       58.72       58.72
      524288     4194304      630.46      630.46      630.46       59.87       59.87       59.87
     1048576     8388608     1281.45     1281.45     1281.45       58.92       58.92       58.92
     2097152    16777216     1681.98     1681.98     1681.98       89.77       89.77       89.77
     4194304    33554432     2584.26     2584.26     2584.26      116.86      116.86      116.86
     8388608    67108864     5221.37     5221.37     5221.37      115.67      115.67      115.67
    16777216   134217728    11614.66    11614.66    11614.66      104.00      104.00      104.00
    33554432   268435456    26969.17    26969.17    26969.17       89.58       89.58       89.58
    67108864   536870912    57093.94    57093.94    57093.94       84.63       84.63       84.63
Total time: 107.7 ms
Collective:             Reduce DT strided
Memory type:            host
Datatype:               float64
Reduction:              min
Inplace:                N/A
Warmup:                 
  small                 100
  large                 20
Iterations:             
  small                 1000
  large                 200
Iteration mode:         isolated

       Count        Size                Time, us                       Bus Bandwidth, GB/s
                                 avg         min         max         avg         max         min
        1024        8192        0.38        0.38        0.38       64.67       64.67       64.67
        2048       16384        0.85        0.85        0.85       57.69       57.69       57.69
        4096       32768        1.81        1.81        1.81       54.43       54.43       54.43
        8192       65536        4.28        4.28        4.28       45.99       45.99       45.99
       16384      131072        7.48        7.48        7.48       52.56       52.56       52.56
       32768      262144       10.32       10.32       10.32       76.18       76.18       76.18
       65536      524288       19.98       19.98       19.98       78.70       78.70       78.70
      131072     1048576       39.72       39.72       39.72       79.20       79.20       79.20
      262144     2097152      129.00      129.00      129.00       48.77       48.77       48.77
      524288     4194304      299.35      299.35      299.35       42.03       42.03       42.03
     1048576     8388608      495.85      495.85      495.85       50.75       50.75       50.75
     2097152    16777216      951.98      951.98      951.98       52.87       52.87       52.87
     4194304    33554432     1185.33     1185.33     1185.33       84.92       84.92       84.92
     8388608    67108864     2545.26     2545.26     2545.26       79.10       79.10       79.10
    16777216   134217728    10206.88    10206.88    10206.88       39.45       39.45       39.45
    33554432   268435456    26232.12    26232.12    26232.12       30.70       30.70       30.70
    67108864   536870912    57245.82    57245.82    57245.82       28.14       28.14       28.14
Total time: 99.3764 ms
Collective:             Reduce DT strided
Memory type:            host
Datatype:               float64
Reduction:              min
Inplace:                N/A
Warmup:                 
  small                 100
  large                 20
Iterations:             
  small                 1000
  large                 200
Iteration mode:         isolated

       Count        Size                Time, us                       Bus Bandwidth, GB/s
                                 avg         min         max         avg         max         min
        1024        8192        1.73        1.73        1.73       42.72       42.72       42.72
        2048       16384        2.88        2.88        2.88       51.22       51.22       51.22
        4096       32768        6.98        6.98        6.98       42.24       42.24       42.24
        8192       65536        9.81        9.81        9.81       60.11       60.11       60.11
       16384      131072       18.63       18.63       18.63       63.32       63.32       63.32
       32768      262144       36.94       36.94       36.94       63.87       63.87       63.87
       65536      524288       73.50       73.50       73.50       64.20       64.20       64.20
      131072     1048576      149.88      149.88      149.88       62.97       62.97       62.97
      262144     2097152      310.48      310.48      310.48       60.79       60.79       60.79
      524288     4194304      611.82      611.82      611.82       61.70       61.70       61.70
     1048576     8388608     1231.07     1231.07     1231.07       61.33       61.33       61.33
     2097152    16777216     1637.64     1637.64     1637.64       92.20       92.20       92.20
     4194304    33554432     2560.61     2560.61     2560.61      117.94      117.94      117.94
     8388608    67108864     5209.94     5209.94     5209.94      115.93      115.93      115.93
    16777216   134217728    11579.62    11579.62    11579.62      104.32      104.32      104.32
    33554432   268435456    27005.79    27005.79    27005.79       89.46       89.46       89.46
    67108864   536870912    57232.28    57232.28    57232.28       84.43       84.43       84.43
Total time: 107.68 ms
Collective:             Reduce DT strided
Memory type:            host
Datatype:               float64
Reduction:              max
Inplace:                N/A
Warmup:                 
  small                 100
  large                 20
Iterations:             
  small                 1000
  large                 200
Iteration mode:         isolated

       Count        Size                Time, us                       Bus Bandwidth, GB/s
                                 avg         min         max         avg         max         min
        1024        8192        0.38        0.38        0.38       64.67       64.67       64.67
        2048       16384        0.79        0.79        0.79       61.98       61.98       61.98
        4096       32768        1.86        1.86        1.86       52.74       52.74       52.74
        8192       65536        4.55        4.55        4.55       43.24       43.24       43.24
       16384      131072        7.17        7.17        7.17       54.86       54.86       54.86
       32768      262144       10.12       10.12       10.12       77.72       77.72       77.72
       65536      524288       19.95       19.95       19.95       78.82       78.82       78.82
      131072     1048576       41.09       41.09       41.09       76.55       76.55       76.55
      262144     2097152      120.24      120.24      120.24       52.32       52.32       52.32
      524288     4194304      309.75      309.75      309.75       40.62       40.62       40.62
     1048576     8388608      509.74      509.74      509.74       49.37       49.37       49.37
     2097152    16777216      997.41      997.41      997.41       50.46       50.46       50.46
     4194304    33554432     1831.34     1831.34     1831.34       54.97       54.97       54.97
     8388608    67108864     2466.64     2466.64     2466.64       81.62       81.62       81.62
    16777216   134217728     9906.38     9906.38     9906.38       40.65       40.65       40.65
    33554432   268435456    26035.58    26035.58    26035.58       30.93       30.93       30.93
    67108864   536870912    56391.12    56391.12    56391.12       28.56       28.56       28.56
Total time: 98.6541 ms
Collective:             Reduce DT strided
Memory type:            host
Datatype:               float64
Reduction:              max
Inplace:                N/A
Warmup:                 
  small                 100
  large                 20
Iterations:             
  small                 1000
  large                 200
Iteration mode:         isolated

       Count        Size                Time, us                       Bus Bandwidth, GB/s
                                 avg         min         max         avg         max         min
        1024        8192        1.73        1.73        1.73       42.69       42.69       42.69
        2048       16384        2.37        2.37        2.37       62.24       62.24       62.24
        4096       32768        7.08        7.08        7.08       41.66       41.66       41.66
        8192       65536        9.59        9.59        9.59       61.52       61.52       61.52
       16384      131072       18.70       18.70       18.70       63.07       63.07       63.07
       32768      262144       36.75       36.75       36.75       64.20       64.20       64.20
       65536      524288       73.34       73.34       73.34       64.33       64.33       64.33
      131072     1048576      149.59      149.59      149.59       63.09       63.09       63.09
      262144     2097152      318.19      318.19      318.19       59.32       59.32       59.32
      524288     4194304      627.10      627.10      627.10       60.20       60.20       60.20
     1048576     8388608     1273.27     1273.27     1273.27       59.29       59.29       59.29
     2097152    16777216     2466.49     2466.49     2466.49       61.22       61.22       61.22
     4194304    33554432     2564.30     2564.30     2564.30      117.77      117.77      117.77
     8388608    67108864     5198.21     5198.21     5198.21      116.19      116.19      116.19
    16777216   134217728    11485.69    11485.69    11485.69      105.17      105.17      105.17
    33554432   268435456    27001.94    27001.94    27001.94       89.47       89.47       89.47
    67108864   536870912    57418.01    57418.01    57418.01       84.15       84.15       84.15
Total time: 108.652 ms
Collective:             Reduce DT strided
Memory type:            host
Datatype:               int32
Reduction:              sum
Inplace:                N/A
Warmup:                 
  small                 100
  large                 20
Iterations:             
  small                 1000
  large                 200
Iteration mode:         isolated

       Count        Size                Time, us                       Bus Bandwidth, GB/s
                                 avg         min         max         avg         max         min
        1024        4096        0.31        0.31        0.31       39.90       39.90       39.90
        2048        8192        0.36        0.36        0.36       68.08       68.08       68.08
        4096       16384        1.08        1.08        1.08       45.64       45.64       45.64
        8192       32768        2.15        2.15        2.15       45.70       45.70       45.70
       16384       65536        4.45        4.45        4.45       44.21       44.21       44.21
       32768      131072        7.67        7.67        7.67       51.25       51.25       51.25
       65536      262144        9.89        9.89        9.89       79.52       79.52       79.52
      131072      524288       33.58       33.58       33.58       46.84       46.84       46.84
      262144     1048576       41.00       41.00       41.00       76.73       76.73       76.73
      524288     2097152      121.19      121.19      121.19       51.91       51.91       51.91
     1048576     4194304      294.18      294.18      294.18       42.77       42.77       42.77
     2097152     8388608      516.15      516.15      516.15       48.76       48.76       48.76
     4194304    16777216     1034.87     1034.87     1034.87       48.64       48.64       48.64
     8388608    33554432     2037.12     2037.12     2037.12       49.41       49.41       49.41
    16777216    67108864     3111.61     3111.61     3111.61       64.70       64.70       64.70
    33554432   134217728     9890.08     9890.08     9890.08       40.71       40.71       40.71
    67108864   268435456    25880.39    25880.39    25880.39       31.12       31.12       31.12
Total time: 42.9861 ms
Collective:             Reduce DT strided
Memory type:            host
Datatype:               int32
Reduction:              sum
Inplace:                N/A
Warmup:                 
  small                 100
  large                 20
Iterations:             
  small                 1000
  large                 200
Iteration mode:         isolated

       Count        Size                Time, us                       Bus Bandwidth, GB/s
                                 avg         min         max         avg         max         min
        1024        4096        0.49        0.49        0.49       75.23       75.23       75.23
        2048        8192        1.59        1.59        1.59       46.40       46.40       46.40
        4096       16384        3.50        3.50        3.50       42.09       42.09       42.09
        8192       32768        6.13        6.13        6.13       48.14       48.14       48.14
       16384       65536        9.62        9.62        9.62       61.34       61.34       61.34
       32768      131072       18.45       18.45       18.45       63.94       63.94       63.94
       65536      262144       36.80       36.80       36.80       64.10       64.10       64.10
      131072      524288       73.53       73.53       73.53       64.17       64.17       64.17
      262144     1048576      147.82      147.82      147.82       63.84       63.84       63.84
      524288     2097152      298.74      298.74      298.74       63.18       63.18       63.18
     1048576     4194304      383.94      383.94      383.94       98.32       98.32       98.32
     2097152     8388608      635.83      635.83      635.83      118.74      118.74      118.74
     4194304    16777216     1286.31     1286.31     1286.31      117.39      117.39      117.39
     8388608    33554432     2564.41     2564.41     2564.41      117.76      117.76      117.76
    16777216    67108864     5206.53     5206.53     5206.53      116.00      116.00      116.00
    33554432   134217728    11635.68    11635.68    11635.68      103.82      103.82      103.82
    67108864   268435456    27091.95    27091.95    27091.95       89.17       89.17       89.17
Total time: 49.4013 ms
Collective:             Reduce DT strided
Memory type:            host
Datatype:               int32
Reduction:              prod
Inplace:                N/A
Warmup:                 
  small                 100
  large                 20
Iterations:             
  small                 1000
  large                 200
Iteration mode:         isolated

       Count        Size                Time, us                       Bus Bandwidth, GB/s
                                 avg         min         max         avg         max         min
        1024        4096        0.23        0.23        0.23       52.29       52.29       52.29
        2048        8192        0.45        0.45        0.45       55.10       55.10       55.10
        4096       16384        0.87        0.87        0.87       56.24       56.24       56.24
        8192       32768        1.83        1.83        1.83       53.78       53.78       53.78
       16384       65536        3.76        3.76        3.76       52.32       52.32       52.32
       32768      131072        6.45        6.45        6.45       61.00       61.00       61.00
       65536      262144       12.01       12.01       12.01       65.48       65.48       65.48
      131072      524288       26.57       26.57       26.57       59.21       59.21       59.21
      262144     1048576       51.94       51.94       51.94       60.56       60.56       60.56
      524288     2097152       98.43       98.43       98.43       63.92       63.92       63.92
     1048576     4194304      196.06      196.06      196.06       64.18       64.18       64.18
     2097152     8388608      387.50      387.50      387.50       64.94       64.94       64.94
     4194304    16777216      784.36      784.36      784.36       64.17       64.17       64.17
     8388608    33554432     1566.96     1566.96     1566.96       64.24       64.24       64.24
    16777216    67108864     3285.74     3285.74     3285.74       61.27       61.27       61.27
    33554432   134217728     9949.25     9949.25     9949.25       40.47       40.47       40.47
    67108864   268435456    25740.58    25740.58    25740.58       31.29       31.29       31.29
Total time: 42.113 ms
Collective:             Reduce DT strided
Memory type:            host
Datatype:               int32
Reduction:              prod
Inplace:                N/A
Warmup:                 
  small                 100
  large                 20
Iterations:             
  small                 1000
  large                 200
Iteration mode:         isolated

       Count        Size                Time, us                       Bus Bandwidth, GB/s
                                 avg         min         max         avg         max         min
        1024        4096        2.75        2.75        2.75       13.41       13.41       13.41
        2048        8192        5.81        5.81        5.81       12.69       12.69       12.69
        4096       16384       11.03       11.03       11.03       13.37       13.37       13.37
        8192       32768       21.75       21.75       21.75       13.56       13.56       13.56
       16384       65536       44.59       44.59       44.59       13.23       13.23       13.23
       32768      131072       88.86       88.86       88.86       13.28       13.28       13.28
       65536      262144      177.87      177.87      177.87       13.26       13.26       13.26
      131072      524288      358.98      358.98      358.98       13.14       13.14       13.14
      262144     1048576      420.23      420.23      420.23       22.46       22.46       22.46
      524288     2097152      747.34      747.34      747.34       25.26       25.26       25.26
     1048576     4194304     1494.01     1494.01     1494.01       25.27       25.27       25.27
     2097152     8388608     2995.80     2995.80     2995.80       25.20       25.20       25.20
     4194304    16777216     6004.85     6004.85     6004.85       25.15       25.15       25.15
     8388608    33554432    11977.64    11977.64    11977.64       25.21       25.21       25.21
    16777216    67108864    24036.14    24036.14    24036.14       25.13       25.13       25.13
    33554432   134217728    47961.07    47961.07    47961.07       25.19       25.19       25.19
    67108864   268435456    96032.04    96032.04    96032.04       25.16       25.16       25.16
Total time: 192.381 ms
Collective:             Reduce DT strided
Memory type:            host
Datatype:               int32
Reduction:              min
Inplace:                N/A
Warmup:                 
  small                 100
  large                 20
Iterations:             
  small                 1000
  large                 200
Iteration mode:         isolated

       Count        Size                Time, us                       Bus Bandwidth, GB/s
                                 avg         min         max         avg         max         min
        1024        4096        0.52        0.52        0.52       23.77       23.77       23.77
        2048        8192        0.84        0.84        0.84       29.36       29.36       29.36
        4096       16384        1.61        1.61        1.61       30.55       30.55       30.55
        8192       32768        2.54        2.54        2.54       38.63       38.63       38.63
       16384       65536        6.08        6.08        6.08       32.32       32.32       32.32
       32768      131072        9.19        9.19        9.19       42.79       42.79       42.79
       65536      262144       18.60       18.60       18.60       42.28       42.28       42.28
      131072      524288       33.13       33.13       33.13       47.47       47.47       47.47
      262144     1048576       72.34       72.34       72.34       43.49       43.49       43.49
      524288     2097152      166.63      166.63      166.63       37.76       37.76       37.76
     1048576     4194304      323.15      323.15      323.15       38.94       38.94       38.94
     2097152     8388608      579.72      579.72      579.72       43.41       43.41       43.41
     4194304    16777216      646.38      646.38      646.38       77.87       77.87       77.87
     8388608    33554432     1216.44     1216.44     1216.44       82.75       82.75       82.75
    16777216    67108864     2695.80     2695.80     2695.80       74.68       74.68       74.68
    33554432   134217728     9981.59     9981.59     9981.59       40.34       40.34       40.34
    67108864   268435456    25673.46    25673.46    25673.46       31.37       31.37       31.37
Total time: 41.428 ms
Collective:             Reduce DT strided
Memory type:            host
Datatype:               int32
Reduction:              min
Inplace:                N/A
Warmup:                 
  small                 100
  large                 20
Iterations:             
  small                 1000
  large                 200
Iteration mode:         isolated

       Count        Size                Time, us                       Bus Bandwidth, GB/s
                                 avg         min         max         avg         max         min
        1024        4096        1.29        1.29        1.29       28.51       28.51       28.51
        2048        8192        2.52        2.52        2.52       29.22       29.22       29.22
        4096       16384        5.82        5.82        5.82       25.32       25.32       25.32
        8192       32768       11.20       11.20       11.20       26.33       26.33       26.33
       16384       65536       20.11       20.11       20.11       29.34       29.34       29.34
       32768      131072       40.07       40.07       40.07       29.44       29.44       29.44
       65536      262144       79.96       79.96       79.96       29.51       29.51       29.51
      131072      524288      160.09      160.09      160.09       29.48       29.48       29.48
      262144     1048576      327.68      327.68      327.68       28.80       28.80       28.80
      524288     2097152      660.20      660.20      660.20       28.59       28.59       28.59
     1048576     4194304     1332.57     1332.57     1332.57       28.33       28.33       28.33
     2097152     8388608     1679.48     1679.48     1679.48       44.95       44.95       44.95
     4194304    16777216     2792.24     2792.24     2792.24       54.08       54.08       54.08
     8388608    33554432     5666.90     5666.90     5666.90       53.29       53.29       53.29
    16777216    67108864    11030.30    11030.30    11030.30       54.76       54.76       54.76
    33554432   134217728    22141.16    22141.16    22141.16       54.56       54.56       54.56
    67108864   268435456    44330.54    44330.54    44330.54       54.50       54.50       54.50
Total time: 90.2821 ms
Collective:             Reduce DT strided
Memory type:            host
Datatype:               int32
Reduction:              max
Inplace:                N/A
Warmup:                 
  small                 100
  large                 20
Iterations:             
  small                 1000
  large                 200
Iteration mode:         isolated

       Count        Size                Time, us                       Bus Bandwidth, GB/s
                                 avg         min         max         avg         max         min
        1024        4096        0.31        0.31        0.31       39.13       39.13       39.13
        2048        8192        0.57        0.57        0.57       43.12       43.12       43.12
        4096       16384        1.12        1.12        1.12       43.96       43.96       43.96
        8192       32768        2.33        2.33        2.33       42.19       42.19       42.19
       16384       65536        4.71        4.71        4.71       41.70       41.70       41.70
       32768      131072        8.55        8.55        8.55       46.01       46.01       46.01
       65536      262144       16.62       16.62       16.62       47.32       47.32       47.32
      131072      524288       33.84       33.84       33.84       46.48       46.48       46.48
      262144     1048576       69.95       69.95       69.95       44.97       44.97       44.97
      524288     2097152      137.06      137.06      137.06       45.90       45.90       45.90
     1048576     4194304      300.50      300.50      300.50       41.87       41.87       41.87
     2097152     8388608      564.36      564.36      564.36       44.59       44.59       44.59
     4194304    16777216     1135.87     1135.87     1135.87       44.31       44.31       44.31
     8388608    33554432     2192.72     2192.72     2192.72       45.91       45.91       45.91
    16777216    67108864     2602.23     2602.23     2602.23       77.37       77.37       77.37
    33554432   134217728     9786.99     9786.99     9786.99       41.14       41.14       41.14
    67108864   268435456    25755.56    25755.56    25755.56       31.27       31.27       31.27
Total time: 42.6133 ms
Collective:             Reduce DT strided
Memory type:            host
Datatype:               int32
Reduction:              max
Inplace:                N/A
Warmup:                 
  small                 100
  large                 20
Iterations:             
  small                 1000
  large                 200
Iteration mode:         isolated

       Count        Size                Time, us                       Bus Bandwidth, GB/s
                                 avg         min         max         avg         max         min
        1024        4096        1.29        1.29        1.29       28.51       28.51       28.51
        2048        8192        2.58        2.58        2.58       28.58       28.58       28.58
        4096       16384        5.37        5.37        5.37       27.46       27.46       27.46
        8192       32768        8.37        8.37        8.37       35.23       35.23       35.23
       16384       65536       10.69       10.69       10.69       55.16       55.16       55.16
       32768      131072       21.21       21.21       21.21       55.63       55.63       55.63
       65536      262144       42.10       42.10       42.10       56.03       56.03       56.03
      131072      524288       85.68       85.68       85.68       55.07       55.07       55.07
      262144     1048576      168.20      168.20      168.20       56.11       56.11       56.11
      524288     2097152      337.44      337.44      337.44       55.93       55.93       55.93
     1048576     4194304      679.72      679.72      679.72       55.54       55.54       55.54
     2097152     8388608     1347.23     1347.23     1347.23       56.04       56.04       56.04
     4194304    16777216     2694.79     2694.79     2694.79       56.03       56.03       56.03
     8388608    33554432     5427.56     5427.56     5427.56       55.64       55.64       55.64
    16777216    67108864    10908.07    10908.07    10908.07       55.37       55.37       55.37
    33554432   134217728    21736.20    21736.20    21736.20       55.57       55.57       55.57
    67108864   268435456    43607.77    43607.77    43607.77       55.40       55.40       55.40
Total time: 87.0843 ms
Collective:             Reduce DT strided
Memory type:            host
Datatype:               int64
Reduction:              sum
Inplace:                N/A
Warmup:                 
  small                 100
  large                 20
Iterations:             
  small                 1000
  large                 200
Iteration mode:         isolated

       Count        Size                Time, us                       Bus Bandwidth, GB/s
                                 avg         min         max         avg         max         min
        1024        8192        0.36        0.36        0.36       68.65       68.65       68.65
        2048       16384        0.86        0.86        0.86       57.09       57.09       57.09
        4096       32768        2.44        2.44        2.44       40.34       40.34       40.34
        8192       65536        4.30        4.30        4.30       45.73       45.73       45.73
       16384      131072        7.18        7.18        7.18       54.78       54.78       54.78
       32768      262144       11.63       11.63       11.63       67.63       67.63       67.63
       65536      524288       20.63       20.63       20.63       76.24       76.24       76.24
      131072     1048576       50.88       50.88       50.88       61.82       61.82       61.82
      262144     2097152      125.75      125.75      125.75       50.03       50.03       50.03
      524288     4194304      308.94      308.94      308.94       40.73       40.73       40.73
     1048576     8388608      495.20      495.20      495.20       50.82       50.82       50.82
     2097152    16777216      971.66      971.66      971.66       51.80       51.80       51.80
     4194304    33554432     1911.04     1911.04     1911.04       52.67       52.67       52.67
     8388608    67108864     2732.95     2732.95     2732.95       73.67       73.67       73.67
    16777216   134217728     9983.69     9983.69     9983.69       40.33       40.33       40.33
    33554432   268435456    26004.58    26004.58    26004.58       30.97       30.97       30.97
    67108864   536870912    56869.08    56869.08    56869.08       28.32       28.32       28.32
Total time: 99.5012 ms
Collective:             Reduce DT strided
Memory type:            host
Datatype:               int64
Reduction:              sum
Inplace:                N/A
Warmup:                 
  small                 100
  large                 20
Iterations:             
  small                 1000
  large                 200
Iteration mode:         isolated

       Count        Size                Time, us                       Bus Bandwidth, GB/s
                                 avg         min         max         avg         max         min
        1024        8192        0.76        0.76        0.76       97.27       97.27       97.27
        2048       16384        1.62        1.62        1.62       90.74       90.74       90.74
        4096       32768        3.26        3.26        3.26       90.52       90.52       90.52
        8192       65536        5.08        5.08        5.08      116.04      116.04      116.04
       16384      131072        9.73        9.73        9.73      121.18      121.18      121.18
       32768      262144       19.57       19.57       19.57      120.55      120.55      120.55
       65536      524288       38.79       38.79       38.79      121.64      121.64      121.64
      131072     1048576       78.20       78.20       78.20      120.67      120.67      120.67
      262144     2097152      159.15      159.15      159.15      118.60      118.60      118.60
      524288     4194304      320.24      320.24      320.24      117.88      117.88      117.88
     1048576     8388608      635.84      635.84      635.84      118.74      118.74      118.74
     2097152    16777216     1274.31     1274.31     1274.31      118.49      118.49      118.49
     4194304    33554432     2596.14     2596.14     2596.14      116.32      116.32      116.32
     8388608    67108864     5159.12     5159.12     5159.12      117.07      117.07      117.07
    16777216   134217728    11552.52    11552.52    11552.52      104.56      104.56      104.56
    33554432   268435456    26990.99    26990.99    26990.99       89.51       89.51       89.51
    67108864   536870912    57305.69    57305.69    57305.69       84.32       84.32       84.32
Total time: 106.151 ms
Collective:             Reduce DT strided
Memory type:            host
Datatype:               int64
Reduction:              prod
Inplace:                N/A
Warmup:                 
  small                 100
  large                 20
Iterations:             
  small                 1000
  large                 200
Iteration mode:         isolated

       Count        Size                Time, us                       Bus Bandwidth, GB/s
                                 avg         min         max         avg         max         min
        1024        8192        0.61        0.61        0.61       40.09       40.09       40.09
        2048       16384        1.44        1.44        1.44       34.06       34.06       34.06
        4096       32768        3.74        3.74        3.74       26.31       26.31       26.31
        8192       65536        8.09        8.09        8.09       24.29       24.29       24.29
       16384      131072       14.51       14.51       14.51       27.10       27.10       27.10
       32768      262144       18.21       18.21       18.21       43.20       43.20       43.20
       65536      524288       36.86       36.86       36.86       42.67       42.67       42.67
      131072     1048576       73.33       73.33       73.33       42.90       42.90       42.90
      262144     2097152      155.14      155.14      155.14       40.55       40.55       40.55
      524288     4194304      327.08      327.08      327.08       38.47       38.47       38.47
     1048576     8388608      620.58      620.58      620.58       40.55       40.55       40.55
     2097152    16777216     1268.02     1268.02     1268.02       39.69       39.69       39.69
     4194304    33554432     2507.41     2507.41     2507.41       40.15       40.15       40.15
     8388608    67108864     3473.22     3473.22     3473.22       57.97       57.97       57.97
    16777216   134217728    10539.70    10539.70    10539.70       38.20       38.20       38.20
    33554432   268435456    26568.29    26568.29    26568.29       30.31       30.31       30.31
    67108864   536870912    57713.83    57713.83    57713.83       27.91       27.91       27.91
Total time: 103.33 ms
Collective:             Reduce DT strided
Memory type:            host
Datatype:               int64
Reduction:              prod
Inplace:                N/A
Warmup:                 
  small                 100
  large                 20
Iterations:             
  small                 1000
  large                 200
Iteration mode:         isolated

       Count        Size                Time, us                       Bus Bandwidth, GB/s
                                 avg         min         max         avg         max         min
        1024        8192        1.92        1.92        1.92       38.36       38.36       38.36
        2048       16384        3.81        3.81        3.81       38.74       38.74       38.74
        4096       32768        7.59        7.59        7.59       38.84       38.84       38.84
        8192       65536       15.35       15.35       15.35       38.43       38.43       38.43
       16384      131072       30.32       30.32       30.32       38.91       38.91       38.91
       32768      262144       60.54       60.54       60.54       38.97       38.97       38.97
       65536      524288      121.01      121.01      121.01       38.99       38.99       38.99
      131072     1048576      242.01      242.01      242.01       38.99       38.99       38.99
      262144     2097152      487.40      487.40      487.40       38.72       38.72       38.72
      524288     4194304      976.20      976.20      976.20       38.67       38.67       38.67
     1048576     8388608     1946.74     1946.74     1946.74       38.78       38.78       38.78
     2097152    16777216     3882.07     3882.07     3882.07       38.90       38.90       38.90
     4194304    33554432     7823.03     7823.03     7823.03       38.60       38.60       38.60
     8388608    67108864    15633.01    15633.01    15633.01       38.63       38.63       38.63
    16777216   134217728    31317.35    31317.35    31317.35       38.57       38.57       38.57
    33554432   268435456    62628.25    62628.25    62628.25       38.58       38.58       38.58
    67108864   536870912   124926.02   124926.02   124926.02       38.68       38.68       38.68
Total time: 250.103 ms
Collective:             Reduce DT strided
Memory type:            host
Datatype:               int64
Reduction:              min
Inplace:                N/A
Warmup:                 
  small                 100
  large                 20
Iterations:             
  small                 1000
  large                 200
Iteration mode:         isolated

       Count        Size                Time, us                       Bus Bandwidth, GB/s
                                 avg         min         max         avg         max         min
        1024        8192        0.39        0.39        0.39       63.02       63.02       63.02
        2048       16384        0.81        0.81        0.81       60.91       60.91       60.91
        4096       32768        1.69        1.69        1.69       58.27       58.27       58.27
        8192       65536        3.59        3.59        3.59       54.81       54.81       54.81
       16384      131072        6.51        6.51        6.51       60.39       60.39       60.39
       32768      262144       12.21       12.21       12.21       64.44       64.44       64.44
       65536      524288       24.62       24.62       24.62       63.89       63.89       63.89
      131072     1048576       47.85       47.85       47.85       65.73       65.73       65.73
      262144     2097152      101.74      101.74      101.74       61.84       61.84       61.84
      524288     4194304      198.79      198.79      198.79       63.30       63.30       63.30
     1048576     8388608      398.58      398.58      398.58       63.14       63.14       63.14
     2097152    16777216      803.05      803.05      803.05       62.68       62.68       62.68
     4194304    33554432     1632.53     1632.53     1632.53       61.66       61.66       61.66
     8388608    67108864     3381.70     3381.70     3381.70       59.53       59.53       59.53
    16777216   134217728    10720.03    10720.03    10720.03       37.56       37.56       37.56
    33554432   268435456    26713.76    26713.76    26713.76       30.15       30.15       30.15
    67108864   536870912    57639.11    57639.11    57639.11       27.94       27.94       27.94
Total time: 101.687 ms
Collective:             Reduce DT strided
Memory type:            host
Datatype:               int64
Reduction:              min
Inplace:                N/A
Warmup:                 
  small                 100
  large                 20
Iterations:             
  small                 1000
  large                 200
Iteration mode:         isolated

       Count        Size                Time, us                       Bus Bandwidth, GB/s
                                 avg         min         max         avg         max         min
        1024        8192        2.74        2.74        2.74       26.87       26.87       26.87
        2048       16384        5.30        5.30        5.30       27.83       27.83       27.83
        4096       32768       11.49       11.49       11.49       25.67       25.67       25.67
        8192       65536       19.78       19.78       19.78       29.83       29.83       29.83
       16384      131072       39.18       39.18       39.18       30.11       30.11       30.11
       32768      262144       78.40       78.40       78.40       30.09       30.09       30.09
       65536      524288      156.43      156.43      156.43       30.16       30.16       30.16
      131072     1048576      343.42      343.42      343.42       27.48       27.48       27.48
      262144     2097152      692.98      692.98      692.98       27.24       27.24       27.24
      524288     4194304     1363.08     1363.08     1363.08       27.69       27.69       27.69
     1048576     8388608     1453.86     1453.86     1453.86       51.93       51.93       51.93
     2097152    16777216     2852.40     2852.40     2852.40       52.94       52.94       52.94
     4194304    33554432     5753.64     5753.64     5753.64       52.49       52.49       52.49
     8388608    67108864    11506.50    11506.50    11506.50       52.49       52.49       52.49
    16777216   134217728    23150.69    23150.69    23150.69       52.18       52.18       52.18
    33554432   268435456    46314.89    46314.89    46314.89       52.16       52.16       52.16
    67108864   536870912    92268.15    92268.15    92268.15       52.37       52.37       52.37
Total time: 186.013 ms
Collective:             Reduce DT strided
Memory type:            host
Datatype:               int64
Reduction:              max
Inplace:                N/A
Warmup:                 
  small                 100
  large                 20
Iterations:             
  small                 1000
  large                 200
Iteration mode:         isolated

       Count        Size                Time, us                       Bus Bandwidth, GB/s
                                 avg         min         max         avg         max         min
        1024        8192        0.75        0.75        0.75       32.86       32.86       32.86
        2048       16384        1.72        1.72        1.72       28.66       28.66       28.66
        4096       32768        3.71        3.71        3.71       26.49       26.49       26.49
        8192       65536        8.14        8.14        8.14       24.17       24.17       24.17
       16384      131072       14.76       14.76       14.76       26.64       26.64       26.64
       32768      262144       22.29       22.29       22.29       35.28       35.28       35.28
       65536      524288       44.48       44.48       44.48       35.36       35.36       35.36
      131072     1048576       88.20       88.20       88.20       35.66       35.66       35.66
      262144     2097152      179.87      179.87      179.87       34.98       34.98       34.98
      524288     4194304      378.19      378.19      378.19       33.27       33.27       33.27
     1048576     8388608      750.12      750.12      750.12       33.55       33.55       33.55
     2097152    16777216     1518.05     1518.05     1518.05       33.16       33.16       33.16
     4194304    33554432     2663.51     2663.51     2663.51       37.79       37.79       37.79
     8388608    67108864     3445.63     3445.63     3445.63       58.43       58.43       58.43
    16777216   134217728    10638.49    10638.49    10638.49       37.85       37.85       37.85
    33554432   268435456    27246.10    27246.10    27246.10       29.56       29.56       29.56
    67108864   536870912    58630.79    58630.79    58630.79       27.47       27.47       27.47
Total time: 105.635 ms
Collective:             Reduce DT strided
Memory type:            host
Datatype:               int64
Reduction:              max
Inplace:                N/A
Warmup:                 
  small                 100
  large                 20
Iterations:             
  small                 1000
  large                 200
Iteration mode:         isolated

       Count        Size                Time, us                       Bus Bandwidth, GB/s
                                 avg         min         max         avg         max         min
        1024        8192        2.91        2.91        2.91       25.34       25.34       25.34
        2048       16384        5.11        5.11        5.11       28.87       28.87       28.87
        4096       32768       11.47       11.47       11.47       25.70       25.70       25.70
        8192       65536       20.18       20.18       20.18       29.23       29.23       29.23
       16384      131072       39.88       39.88       39.88       29.58       29.58       29.58
       32768      262144       81.44       81.44       81.44       28.97       28.97       28.97
       65536      524288      156.01      156.01      156.01       30.25       30.25       30.25
      131072     1048576      340.88      340.88      340.88       27.68       27.68       27.68
      262144     2097152      696.53      696.53      696.53       27.10       27.10       27.10
      524288     4194304     1394.88     1394.88     1394.88       27.06       27.06       27.06
     1048576     8388608     1456.93     1456.93     1456.93       51.82       51.82       51.82
     2097152    16777216     2946.54     2946.54     2946.54       51.24       51.24       51.24
     4194304    33554432     5956.23     5956.23     5956.23       50.70       50.70       50.70
     8388608    67108864    11537.91    11537.91    11537.91       52.35       52.35       52.35
    16777216   134217728    23230.79    23230.79    23230.79       52.00       52.00       52.00
    33554432   268435456    46354.39    46354.39    46354.39       52.12       52.12       52.12
    67108864   536870912    92401.34    92401.34    92401.34       52.29       52.29       52.29
Total time: 186.633 ms
Done: Wed Aug 26 05:18:32 PM UTC 2026
Results in /labhome/faderholdt/ucc-baseline-558-results
70
